case_id,block_qualname,label,is_downstream,compile_neg_count,compile_pos_count,static_neg_count,static_pos_count,exec_neg_count,exec_pos_count,llm_neg_count,llm_pos_count,critic_neg_count,critic_pos_count,compile_neg_weight_sum,compile_pos_weight_sum,static_neg_weight_sum,static_pos_weight_sum,exec_neg_weight_sum,exec_pos_weight_sum,llm_neg_weight_sum,llm_pos_weight_sum,critic_neg_weight_sum,critic_pos_weight_sum,cyclomatic,loc,depth,n_params,log_cyclomatic,log_loc,static_exec_interaction,static_critic_interaction,exec_critic_interaction,llm_critic_interaction
stats:boundary:1,mean,1,0,0,1,1,0,0,1,0,1,1,0,0.0,0.1,0.3,0.0,0.0,0.3,0.0,0.6835016835016836,0.452,0.0,2,4,1,1,0.6931471805599453,1.6094379124341003,-0.09,0.1356,-0.1356,-0.308942760942761
stats:boundary:1,variance,1,0,0,1,1,0,0,1,0,1,1,0,0.0,0.1,0.3,0.0,0.0,0.3,0.0,0.6064257028112447,0.49,0.0,3,5,1,1,1.0986122886681098,1.791759469228055,-0.09,0.147,-0.147,-0.2971485943775099
stats:boundary:1,stddev,1,0,0,1,0,1,0,1,0,1,1,0,0.0,0.1,0.0,0.22,0.0,0.3,0.0,0.8365472910927456,0.476,0.0,1,2,0,1,0.0,1.0986122886681098,0.066,-0.10472,-0.14279999999999998,-0.3981965105601469
stats:boundary:1,zscores,0,0,0,1,1,0,1,0,0,1,1,0,0.0,0.1,0.3,0.0,0.95,0.0,0.0,0.5360983102918586,0.564,0.0,4,6,1,1,1.3862943611198906,1.9459101490553132,0.285,0.1692,0.5357999999999999,-0.3023594470046082
stats:boundary:1,summarize,1,0,0,1,0,1,1,0,0,1,1,0,0.0,0.1,0.0,0.22,0.374,0.0,0.0,0.8365472910927456,0.43,0.0,1,2,0,1,0.0,1.0986122886681098,-0.08228,-0.0946,0.16082,-0.35971533516988063
stats:arithmetic:0,mean,1,0,0,1,1,0,0,1,0,1,1,0,0.0,0.1,0.3,0.0,0.0,0.3,0.0,0.6835016835016836,0.452,0.0,2,4,1,1,0.6931471805599453,1.6094379124341003,-0.09,0.1356,-0.1356,-0.308942760942761
stats:arithmetic:0,variance,0,0,0,1,1,0,1,0,0,1,1,0,0.0,0.1,0.3,0.0,0.785,0.0,0.0,0.6064257028112447,0.49,0.0,3,5,1,1,1.0986122886681098,1.791759469228055,0.2355,0.147,0.38465,-0.2971485943775099
stats:arithmetic:0,stddev,1,1,0,1,0,1,0,1,0,1,1,0,0.0,0.1,0.0,0.22,0.0,0.3,0.0,0.8365472910927456,0.476,0.0,1,2,0,1,0.0,1.0986122886681098,0.066,-0.10472,-0.14279999999999998,-0.3981965105601469
stats:arithmetic:0,zscores,1,1,0,1,1,0,1,0,0,1,1,0,0.0,0.1,0.3,0.0,0.95,0.0,0.0,0.5360983102918586,0.564,0.0,4,6,1,1,1.3862943611198906,1.9459101490553132,0.285,0.1692,0.5357999999999999,-0.3023594470046082
stats:arithmetic:0,summarize,1,1,0,1,0,1,1,0,0,1,1,0,0.0,0.1,0.0,0.22,0.785,0.0,0.0,0.8365472910927456,0.43,0.0,1,2,0,1,0.0,1.0986122886681098,-0.17270000000000002,-0.0946,0.33755,-0.35971533516988063
stats:arithmetic:1,mean,1,0,0,1,1,0,0,1,0,1,1,0,0.0,0.1,0.3,0.0,0.0,0.3,0.0,0.6835016835016836,0.452,0.0,2,4,1,1,0.6931471805599453,1.6094379124341003,-0.09,0.1356,-0.1356,-0.308942760942761
stats:arithmetic:1,variance,0,0,0,1,1,0,1,0,0,1,1,0,0.0,0.1,0.3,0.0,0.785,0.0,0.0,0.6064257028112447,0.49,0.0,3,5,1,1,1.0986122886681098,1.791759469228055,0.2355,0.147,0.38465,-0.2971485943775099
stats:arithmetic:1,stddev,1,1,0,1,0,1,0,1,0,1,1,0,0.0,0.1,0.0,0.22,0.0,0.3,0.0,0.8365472910927456,0.476,0.0,1,2,0,1,0.0,1.0986122886681098,0.066,-0.10472,-0.14279999999999998,-0.3981965105601469
stats:arithmetic:1,zscores,1,1,0,1,1,0,1,0,0,1,1,0,0.0,0.1,0.3,0.0,0.95,0.0,0.0,0.5360983102918586,0.564,0.0,4,6,1,1,1.3862943611198906,1.9459101490553132,0.285,0.1692,0.5357999999999999,-0.3023594470046082
stats:arithmetic:1,summarize,1,1,0,1,0,1,1,0,0,1,1,0,0.0,0.1,0.0,0.22,0.785,0.0,0.0,0.8365472910927456,0.43,0.0,1,2,0,1,0.0,1.0986122886681098,-0.17270000000000002,-0.0946,0.33755,-0.35971533516988063
stats:arithmetic:2,mean,1,0,0,1,1,0,0,1,0,1,1,0,0.0,0.1,0.3,0.0,0.0,0.3,0.0,0.6835016835016836,0.452,0.0,2,4,1,1,0.6931471805599453,1.6094379124341003,-0.09,0.1356,-0.1356,-0.308942760942761
stats:arithmetic:2,variance,1,0,0,1,1,0,0,1,0,1,1,0,0.0,0.1,0.3,0.0,0.0,0.3,0.0,0.6064257028112447,0.49,0.0,3,5,1,1,1.0986122886681098,1.791759469228055,-0.09,0.147,-0.147,-0.2971485943775099
stats:arithmetic:2,stddev,1,0,0,1,0,1,0,1,0,1,1,0,0.0,0.1,0.0,0.22,0.0,0.3,0.0,0.8365472910927456,0.476,0.0,1,2,0,1,0.0,1.0986122886681098,0.066,-0.10472,-0.14279999999999998,-0.3981965105601469
stats:arithmetic:2,zscores,0,0,0,1,1,0,1,0,0,1,1,0,0.0,0.1,0.3,0.0,0.95,0.0,0.0,0.5360983102918586,0.564,0.0,4,6,1,1,1.3862943611198906,1.9459101490553132,0.285,0.1692,0.5357999999999999,-0.3023594470046082
stats:arithmetic:2,summarize,1,0,0,1,0,1,0,1,0,1,1,0,0.0,0.1,0.0,0.22,0.0,0.3,0.0,0.8365472910927456,0.43,0.0,1,2,0,1,0.0,1.0986122886681098,0.066,-0.0946,-0.129,-0.35971533516988063
stats:offbyone:1,mean,1,0,0,1,1,0,0,1,0,1,1,0,0.0,0.1,0.3,0.0,0.0,0.3,0.0,0.6835016835016836,0.452,0.0,2,4,1,1,0.6931471805599453,1.6094379124341003,-0.09,0.1356,-0.1356,-0.308942760942761
stats:offbyone:1,variance,0,0,0,1,1,0,1,0,0,1,1,0,0.0,0.1,0.3,0.0,0.785,0.0,0.0,0.6064257028112447,0.49,0.0,3,5,1,1,1.0986122886681098,1.791759469228055,0.2355,0.147,0.38465,-0.2971485943775099
stats:offbyone:1,stddev,1,1,0,1,0,1,0,1,0,1,1,0,0.0,0.1,0.0,0.22,0.0,0.3,0.0,0.8365472910927456,0.476,0.0,1,2,0,1,0.0,1.0986122886681098,0.066,-0.10472,-0.14279999999999998,-0.3981965105601469
stats:offbyone:1,zscores,1,1,0,1,1,0,1,0,0,1,1,0,0.0,0.1,0.3,0.0,0.95,0.0,0.0,0.5360983102918586,0.564,0.0,4,6,1,1,1.3862943611198906,1.9459101490553132,0.285,0.1692,0.5357999999999999,-0.3023594470046082
stats:offbyone:1,summarize,1,1,0,1,0,1,1,0,0,1,1,0,0.0,0.1,0.0,0.22,0.785,0.0,0.0,0.8365472910927456,0.43,0.0,1,2,0,1,0.0,1.0986122886681098,-0.17270000000000002,-0.0946,0.33755,-0.35971533516988063
stats:offbyone:2,mean,1,0,0,1,1,0,0,1,0,1,1,0,0.0,0.1,0.3,0.0,0.0,0.3,0.0,0.6835016835016836,0.452,0.0,2,4,1,1,0.6931471805599453,1.6094379124341003,-0.09,0.1356,-0.1356,-0.308942760942761
stats:offbyone:2,variance,0,0,0,1,1,0,1,0,0,1,1,0,0.0,0.1,0.3,0.0,0.785,0.0,0.0,0.6064257028112447,0.49,0.0,3,5,1,1,1.0986122886681098,1.791759469228055,0.2355,0.147,0.38465,-0.2971485943775099
stats:offbyone:2,stddev,1,1,0,1,0,1,0,1,0,1,1,0,0.0,0.1,0.0,0.22,0.0,0.3,0.0,0.8365472910927456,0.476,0.0,1,2,0,1,0.0,1.0986122886681098,0.066,-0.10472,-0.14279999999999998,-0.3981965105601469
stats:offbyone:2,zscores,1,1,0,1,1,0,1,0,0,1,1,0,0.0,0.1,0.3,0.0,0.95,0.0,0.0,0.5360983102918586,0.564,0.0,4,6,1,1,1.3862943611198906,1.9459101490553132,0.285,0.1692,0.5357999999999999,-0.3023594470046082
stats:offbyone:2,summarize,1,1,0,1,0,1,1,0,0,1,1,0,0.0,0.1,0.0,0.22,0.785,0.0,0.0,0.8365472910927456,0.43,0.0,1,2,0,1,0.0,1.0986122886681098,-0.17270000000000002,-0.0946,0.33755,-0.35971533516988063
stats:offbyone:3,mean,1,0,0,1,1,0,0,1,0,1,1,0,0.0,0.1,0.3,0.0,0.0,0.3,0.0,0.6835016835016836,0.452,0.0,2,4,1,1,0.6931471805599453,1.6094379124341003,-0.09,0.1356,-0.1356,-0.308942760942761
stats:offbyone:3,variance,1,0,0,1,1,0,0,1,0,1,1,0,0.0,0.1,0.3,0.0,0.0,0.3,0.0,0.6064257028112447,0.49,0.0,3,5,1,1,1.0986122886681098,1.791759469228055,-0.09,0.147,-0.147,-0.2971485943775099
stats:offbyone:3,stddev,1,0,0,1,0,1,0,1,0,1,1,0,0.0,0.1,0.0,0.22,0.0,0.3,0.0,0.8365472910927456,0.476,0.0,1,2,0,1,0.0,1.0986122886681098,0.066,-0.10472,-0.14279999999999998,-0.3981965105601469
stats:offbyone:3,zscores,0,0,0,1,1,0,1,0,0,1,1,0,0.0,0.1,0.3,0.0,0.95,0.0,0.0,0.5360983102918586,0.564,0.0,4,6,1,1,1.3862943611198906,1.9459101490553132,0.285,0.1692,0.5357999999999999,-0.3023594470046082
stats:offbyone:3,summarize,1,0,0,1,0,1,1,0,0,1,1,0,0.0,0.1,0.0,0.22,0.374,0.0,0.0,0.8365472910927456,0.43,0.0,1,2,0,1,0.0,1.0986122886681098,-0.08228,-0.0946,0.16082,-0.35971533516988063
stats:dropguard:0,mean,0,0,0,1,1,0,1,0,0,1,0,1,0.0,0.1,0.3,0.0,0.95,0.0,0.0,0.8365472910927456,0.0,0.488,1,2,0,1,0.0,1.0986122886681098,0.285,-0.1464,-0.46359999999999996,0.40823507805325987
stats:dropguard:0,variance,1,1,0,1,1,0,1,0,0,1,1,0,0.0,0.1,0.3,0.0,0.374,0.0,0.0,0.6064257028112447,0.49,0.0,3,5,1,1,1.0986122886681098,1.791759469228055,0.1122,0.147,0.18326,-0.2971485943775099
stats:dropguard:0,stddev,1,1,0,1,0,1,0,1,0,1,1,0,0.0,0.1,0.0,0.22,0.0,0.3,0.0,0.8365472910927456,0.476,0.0,1,2,0,1,0.0,1.0986122886681098,0.066,-0.10472,-0.14279999999999998,-0.3981965105601469
stats:dropguard:0,zscores,1,1,0,1,1,0,0,1,0,1,1,0,0.0,0.1,0.3,0.0,0.0,0.3,0.0,0.5360983102918586,0.564,0.0,4,6,1,1,1.3862943611198906,1.9459101490553132,-0.09,0.1692,-0.1692,-0.3023594470046082
stats:dropguard:0,summarize,1,1,0,1,0,1,0,1,0,1,1,0,0.0,0.1,0.0,0.22,0.0,0.3,0.0,0.8365472910927456,0.43,0.0,1,2,0,1,0.0,1.0986122886681098,0.066,-0.0946,-0.129,-0.35971533516988063
stats:dropguard:1,mean,1,0,0,1,1,0,0,1,0,1,1,0,0.0,0.1,0.3,0.0,0.0,0.3,0.0,0.6835016835016836,0.452,0.0,2,4,1,1,0.6931471805599453,1.6094379124341003,-0.09,0.1356,-0.1356,-0.308942760942761
stats:dropguard:1,variance,0,0,0,1,1,0,1,0,0,1,0,1,0.0,0.1,0.3,0.0,0.95,0.0,0.0,0.7452006980802794,0.0,0.448,2,3,0,1,0.6931471805599453,1.3862943611198906,0.285,-0.1344,-0.4256,0.33384991273996517
stats:dropguard:1,stddev,1,1,0,1,0,1,0,1,0,1,1,0,0.0,0.1,0.0,0.22,0.0,0.3,0.0,0.8365472910927456,0.476,0.0,1,2,0,1,0.0,1.0986122886681098,0.066,-0.10472,-0.14279999999999998,-0.3981965105601469
stats:dropguard:1,zscores,1,1,0,1,1,0,0,1,0,1,1,0,0.0,0.1,0.3,0.0,0.0,0.3,0.0,0.5360983102918586,0.564,0.0,4,6,1,1,1.3862943611198906,1.9459101490553132,-0.09,0.1692,-0.1692,-0.3023594470046082
stats:dropguard:1,summarize,1,1,0,1,0,1,0,1,0,1,1,0,0.0,0.1,0.0,0.22,0.0,0.3,0.0,0.8365472910927456,0.43,0.0,1,2,0,1,0.0,1.0986122886681098,0.066,-0.0946,-0.129,-0.35971533516988063
stats:dropguard:2,mean,1,0,0,1,1,0,0,1,0,1,1,0,0.0,0.1,0.3,0.0,0.0,0.3,0.0,0.6835016835016836,0.452,0.0,2,4,1,1,0.6931471805599453,1.6094379124341003,-0.09,0.1356,-0.1356,-0.308942760942761
stats:dropguard:2,variance,1,0,0,1,1,0,0,1,0,1,1,0,0.0,0.1,0.3,0.0,0.0,0.3,0.0,0.6064257028112447,0.49,0.0,3,5,1,1,1.0986122886681098,1.791759469228055,-0.09,0.147,-0.147,-0.2971485943775099
stats:dropguard:2,stddev,1,0,0,1,0,1,0,1,0,1,1,0,0.0,0.1,0.0,0.22,0.0,0.3,0.0,0.8365472910927456,0.476,0.0,1,2,0,1,0.0,1.0986122886681098,0.066,-0.10472,-0.14279999999999998,-0.3981965105601469
stats:dropguard:2,zscores,0,0,0,1,1,0,1,0,0,1,0,1,0.0,0.1,0.3,0.0,0.95,0.0,0.0,0.7271157167530227,0.0,0.48,2,4,0,1,0.6931471805599453,1.6094379124341003,0.285,-0.144,-0.45599999999999996,0.34901554404145085
stats:dropguard:2,summarize,1,0,0,1,0,1,0,1,0,1,1,0,0.0,0.1,0.0,0.22,0.0,0.3,0.0,0.8365472910927456,0.43,0.0,1,2,0,1,0.0,1.0986122886681098,0.066,-0.0946,-0.129,-0.35971533516988063
search:boundary:0,lower_bound,0,0,0,1,0,1,1,0,0,1,1,0,0.0,0.1,0.0,0.22,0.85,0.0,0.0,0.48920327624720783,0.558,0.0,3,9,2,2,1.0986122886681098,2.302585092994046,-0.187,-0.12276000000000001,0.47430000000000005,-0.272975428145942
search:boundary:0,contains,1,1,0,1,0,1,0,0,0,1,0,1,0.0,0.1,0.0,0.22,0.0,0.0,0.0,0.7152658662092626,0.0,0.556,2,3,0,2,0.6931471805599453,1.3862943611198906,-0.0,0.12232000000000001,-0.0,0.39768782161235006
search:boundary:0,count_range,1,1,0,1,0,1,0,0,0,1,1,0,0.0,0.1,0.0,0.22,0.0,0.0,0.0,0.7346053772766694,0.476,0.0,1,4,0,3,0.0,1.6094379124341003,-0.0,-0.10472,0.0,-0.34967215958369463
search:boundary:0,insert_sorted,1,1,0,1,0,1,0,0,0,1,0,1,0.0,0.1,0.0,0.22,0.0,0.0,0.0,0.784121320249777,0.0,0.586,1,3,0,2,0.0,1.3862943611198906,-0.0,0.12892,-0.0,0.4594950936663693
search:boundary:1,lower_bound,0,0,0,1,0,1,1,0,0,1,1,0,0.0,0.1,0.0,0.22,0.95,0.0,0.0,0.48920327624720783,0.558,0.0,3,9,2,2,1.0986122886681098,2.302585092994046,-0.209,-0.12276000000000001,0.5301,-0.272975428145942
search:boundary:1,contains,1,1,0,1,0,1,1,0,0,1,0,1,0.0,0.1,0.0,0.22,0.95,0.0,0.0,0.7152658662092626,0.0,0.556,2,3,0,2,0.6931471805599453,1.3862943611198906,-0.209,0.12232000000000001,-0.5282,0.39768782161235006
search:boundary:1,count_range,1,1,0,1,0,1,0,1,0,1,1,0,0.0,0.1,0.0,0.22,0.0,0.3,0.0,0.7346053772766694,0.476,0.0,1,4,0,3,0.0,1.6094379124341003,0.066,-0.10472,-0.14279999999999998,-0.34967215958369463
search:boundary:1,insert_sorted,1,1,0,1,0,1,0,1,0,1,0,1,0.0,0.1,0.0,0.22,0.0,0.3,0.0,0.784121320249777,0.0,0.586,1,3,0,2,0.0,1.3862943611198906,0.066,0.12892,0.17579999999999998,0.4594950936663693
search:boundary:2,lower_bound,1,0,0,1,0,1,0,1,0,1,1,0,0.0,0.1,0.0,0.22,0.0,0.3,0.0,0.48920327624720783,0.558,0.0,3,9,2,2,1.0986122886681098,2.302585092994046,0.066,-0.12276000000000001,-0.16740000000000002,-0.272975428145942
search:boundary:2,contains,0,0,0,1,0,1,1,0,0,1,0,1,0.0,0.1,0.0,0.22,0.95,0.0,0.0,0.7152658662092626,0.0,0.556,2,3,0,2,0.6931471805599453,1.3862943611198906,-0.209,0.12232000000000001,-0.5282,0.39768782161235006
search:boundary:2,count_range,1,0,0,1,0,1,0,1,0,1,1,0,0.0,0.1,0.0,0.22,0.0,0.3,0.0,0.7346053772766694,0.476,0.0,1,4,0,3,0.0,1.6094379124341003,0.066,-0.10472,-0.14279999999999998,-0.34967215958369463
search:boundary:2,insert_sorted,1,0,0,1,0,1,0,1,0,1,0,1,0.0,0.1,0.0,0.22,0.0,0.3,0.0,0.784121320249777,0.0,0.586,1,3,0,2,0.0,1.3862943611198906,0.066,0.12892,0.17579999999999998,0.4594950936663693
search:boundary:3,lower_bound,1,0,0,1,0,1,0,1,0,1,1,0,0.0,0.1,0.0,0.22,0.0,0.3,0.0,0.48920327624720783,0.558,0.0,3,9,2,2,1.0986122886681098,2.302585092994046,0.066,-0.12276000000000001,-0.16740000000000002,-0.272975428145942
search:boundary:3,contains,0,0,0,1,0,1,1,0,0,1,0,1,0.0,0.1,0.0,0.22,0.95,0.0,0.0,0.7152658662092626,0.0,0.556,2,3,0,2,0.6931471805599453,1.3862943611198906,-0.209,0.12232000000000001,-0.5282,0.39768782161235006
search:boundary:3,count_range,1,0,0,1,0,1,0,1,0,1,1,0,0.0,0.1,0.0,0.22,0.0,0.3,0.0,0.7346053772766694,0.476,0.0,1,4,0,3,0.0,1.6094379124341003,0.066,-0.10472,-0.14279999999999998,-0.34967215958369463
search:boundary:3,insert_sorted,1,0,0,1,0,1,0,1,0,1,0,1,0.0,0.1,0.0,0.22,0.0,0.3,0.0,0.784121320249777,0.0,0.586,1,3,0,2,0.0,1.3862943611198906,0.066,0.12892,0.17579999999999998,0.4594950936663693
search:arithmetic:0,lower_bound,0,0,0,1,0,1,1,0,0,1,1,0,0.0,0.1,0.0,0.22,0.85,0.0,0.0,0.48920327624720783,0.558,0.0,3,9,2,2,1.0986122886681098,2.302585092994046,-0.187,-0.12276000000000001,0.47430000000000005,-0.272975428145942
search:arithmetic:0,contains,1,1,0,1,0,1,0,0,0,1,0,1,0.0,0.1,0.0,0.22,0.0,0.0,0.0,0.7152658662092626,0.0,0.556,2,3,0,2,0.6931471805599453,1.3862943611198906,-0.0,0.12232000000000001,-0.0,0.39768782161235006
search:arithmetic:0,count_range,1,1,0,1,0,1,0,0,0,1,1,0,0.0,0.1,0.0,0.22,0.0,0.0,0.0,0.7346053772766694,0.476,0.0,1,4,0,3,0.0,1.6094379124341003,-0.0,-0.10472,0.0,-0.34967215958369463
search:arithmetic:0,insert_sorted,1,1,0,1,0,1,0,0,0,1,0,1,0.0,0.1,0.0,0.22,0.0,0.0,0.0,0.784121320249777,0.0,0.586,1,3,0,2,0.0,1.3862943611198906,-0.0,0.12892,-0.0,0.4594950936663693
search:arithmetic:1,lower_bound,0,0,0,1,0,1,1,0,0,1,1,0,0.0,0.1,0.0,0.22,0.95,0.0,0.0,0.48920327624720783,0.558,0.0,3,9,2,2,1.0986122886681098,2.302585092994046,-0.209,-0.12276000000000001,0.5301,-0.272975428145942
search:arithmetic:1,contains,1,1,0,1,0,1,1,0,0,1,0,1,0.0,0.1,0.0,0.22,0.281,0.0,0.0,0.7152658662092626,0.0,0.556,2,3,0,2,0.6931471805599453,1.3862943611198906,-0.06182000000000001,0.12232000000000001,-0.15623600000000004,0.39768782161235006
search:arithmetic:1,count_range,1,1,0,1,0,1,1,0,0,1,1,0,0.0,0.1,0.0,0.22,0.281,0.0,0.0,0.7346053772766694,0.476,0.0,1,4,0,3,0.0,1.6094379124341003,-0.06182000000000001,-0.10472,0.133756,-0.34967215958369463
search:arithmetic:1,insert_sorted,1,1,0,1,0,1,1,0,0,1,0,1,0.0,0.1,0.0,0.22,0.281,0.0,0.0,0.784121320249777,0.0,0.586,1,3,0,2,0.0,1.3862943611198906,-0.06182000000000001,0.12892,-0.164666,0.4594950936663693
search:arithmetic:2,lower_bound,0,0,0,1,0,1,1,0,0,1,1,0,0.0,0.1,0.0,0.22,0.85,0.0,0.0,0.48920327624720783,0.558,0.0,3,9,2,2,1.0986122886681098,2.302585092994046,-0.187,-0.12276000000000001,0.47430000000000005,-0.272975428145942
search:arithmetic:2,contains,1,1,0,1,0,1,0,0,0,1,0,1,0.0,0.1,0.0,0.22,0.0,0.0,0.0,0.7152658662092626,0.0,0.556,2,3,0,2,0.6931471805599453,1.3862943611198906,-0.0,0.12232000000000001,-0.0,0.39768782161235006
search:arithmetic:2,count_range,1,1,0,1,0,1,0,0,0,1,1,0,0.0,0.1,0.0,0.22,0.0,0.0,0.0,0.7346053772766694,0.476,0.0,1,4,0,3,0.0,1.6094379124341003,-0.0,-0.10472,0.0,-0.34967215958369463
search:arithmetic:2,insert_sorted,1,1,0,1,0,1,0,0,0,1,0,1,0.0,0.1,0.0,0.22,0.0,0.0,0.0,0.784121320249777,0.0,0.586,1,3,0,2,0.0,1.3862943611198906,-0.0,0.12892,-0.0,0.4594950936663693
search:arithmetic:3,lower_bound,1,0,0,1,0,1,0,1,0,1,1,0,0.0,0.1,0.0,0.22,0.0,0.3,0.0,0.48920327624720783,0.558,0.0,3,9,2,2,1.0986122886681098,2.302585092994046,0.066,-0.12276000000000001,-0.16740000000000002,-0.272975428145942
search:arithmetic:3,contains,1,0,0,1,0,1,0,1,0,1,0,1,0.0,0.1,0.0,0.22,0.0,0.3,0.0,0.7152658662092626,0.0,0.556,2,3,0,2,0.6931471805599453,1.3862943611198906,0.066,0.12232000000000001,0.1668,0.39768782161235006
search:arithmetic:3,count_range,0,0,0,1,0,1,1,0,0,1,1,0,0.0,0.1,0.0,0.22,0.95,0.0,0.0,0.7346053772766694,0.476,0.0,1,4,0,3,0.0,1.6094379124341003,-0.209,-0.10472,0.45219999999999994,-0.34967215958369463
search:arithmetic:3,insert_sorted,1,0,0,1,0,1,0,1,0,1,0,1,0.0,0.1,0.0,0.22,0.0,0.3,0.0,0.784121320249777,0.0,0.586,1,3,0,2,0.0,1.3862943611198906,0.066,0.12892,0.17579999999999998,0.4594950936663693
search:offbyone:0,lower_bound,0,0,0,1,0,1,1,0,0,1,1,0,0.0,0.1,0.0,0.22,0.95,0.0,0.0,0.48920327624720783,0.558,0.0,3,9,2,2,1.0986122886681098,2.302585092994046,-0.209,-0.12276000000000001,0.5301,-0.272975428145942
search:offbyone:0,contains,1,1,0,1,0,1,0,1,0,1,0,1,0.0,0.1,0.0,0.22,0.0,0.3,0.0,0.7152658662092626,0.0,0.556,2,3,0,2,0.6931471805599453,1.3862943611198906,0.066,0.12232000000000001,0.1668,0.39768782161235006
search:offbyone:0,count_range,1,1,0,1,0,1,0,1,0,1,1,0,0.0,0.1,0.0,0.22,0.0,0.3,0.0,0.7346053772766694,0.476,0.0,1,4,0,3,0.0,1.6094379124341003,0.066,-0.10472,-0.14279999999999998,-0.34967215958369463
search:offbyone:0,insert_sorted,1,1,0,1,0,1,0,1,0,1,0,1,0.0,0.1,0.0,0.22,0.0,0.3,0.0,0.784121320249777,0.0,0.586,1,3,0,2,0.0,1.3862943611198906,0.066,0.12892,0.17579999999999998,0.4594950936663693
search:offbyone:1,lower_bound,0,0,0,1,0,1,1,0,0,1,1,0,0.0,0.1,0.0,0.22,0.85,0.0,0.0,0.48920327624720783,0.558,0.0,3,9,2,2,1.0986122886681098,2.302585092994046,-0.187,-0.12276000000000001,0.47430000000000005,-0.272975428145942
search:offbyone:1,contains,1,1,0,1,0,1,0,0,0,1,0,1,0.0,0.1,0.0,0.22,0.0,0.0,0.0,0.7152658662092626,0.0,0.556,2,3,0,2,0.6931471805599453,1.3862943611198906,-0.0,0.12232000000000001,-0.0,0.39768782161235006
search:offbyone:1,count_range,1,1,0,1,0,1,0,0,0,1,1,0,0.0,0.1,0.0,0.22,0.0,0.0,0.0,0.7346053772766694,0.476,0.0,1,4,0,3,0.0,1.6094379124341003,-0.0,-0.10472,0.0,-0.34967215958369463
search:offbyone:1,insert_sorted,1,1,0,1,0,1,0,0,0,1,0,1,0.0,0.1,0.0,0.22,0.0,0.0,0.0,0.784121320249777,0.0,0.586,1,3,0,2,0.0,1.3862943611198906,-0.0,0.12892,-0.0,0.4594950936663693
search:offbyone:2,lower_bound,0,0,0,1,0,1,1,0,0,1,1,0,0.0,0.1,0.0,0.22,0.95,0.0,0.0,0.48920327624720783,0.558,0.0,3,9,2,2,1.0986122886681098,2.302585092994046,-0.209,-0.12276000000000001,0.5301,-0.272975428145942
search:offbyone:2,contains,1,1,0,1,0,1,1,0,0,1,0,1,0.0,0.1,0.0,0.22,0.95,0.0,0.0,0.7152658662092626,0.0,0.556,2,3,0,2,0.6931471805599453,1.3862943611198906,-0.209,0.12232000000000001,-0.5282,0.39768782161235006
search:offbyone:2,count_range,1,1,0,1,0,1,1,0,0,1,1,0,0.0,0.1,0.0,0.22,0.95,0.0,0.0,0.7346053772766694,0.476,0.0,1,4,0,3,0.0,1.6094379124341003,-0.209,-0.10472,0.45219999999999994,-0.34967215958369463
search:offbyone:2,insert_sorted,1,1,0,1,0,1,1,0,0,1,0,1,0.0,0.1,0.0,0.22,0.785,0.0,0.0,0.784121320249777,0.0,0.586,1,3,0,2,0.0,1.3862943611198906,-0.17270000000000002,0.12892,-0.46001,0.4594950936663693
search:swapargs:0,lower_bound,1,0,0,1,0,1,1,0,0,1,1,0,0.0,0.1,0.0,0.22,0.95,0.0,0.0,0.48920327624720783,0.558,0.0,3,9,2,2,1.0986122886681098,2.302585092994046,-0.209,-0.12276000000000001,0.5301,-0.272975428145942
search:swapargs:0,contains,0,0,0,1,0,1,1,0,0,1,0,1,0.0,0.1,0.0,0.22,0.744,0.0,0.0,0.7152658662092626,0.0,0.556,2,3,0,2,0.6931471805599453,1.3862943611198906,-0.16368,0.12232000000000001,-0.41366400000000003,0.39768782161235006
search:swapargs:0,count_range,1,0,0,1,0,1,0,1,0,1,1,0,0.0,0.1,0.0,0.22,0.0,0.3,0.0,0.7346053772766694,0.476,0.0,1,4,0,3,0.0,1.6094379124341003,0.066,-0.10472,-0.14279999999999998,-0.34967215958369463
search:swapargs:0,insert_sorted,1,0,0,1,0,1,0,1,0,1,0,1,0.0,0.1,0.0,0.22,0.0,0.3,0.0,0.784121320249777,0.0,0.586,1,3,0,2,0.0,1.3862943611198906,0.066,0.12892,0.17579999999999998,0.4594950936663693
search:swapargs:1,lower_bound,1,0,0,1,0,1,1,0,0,1,1,0,0.0,0.1,0.0,0.22,0.95,0.0,0.0,0.48920327624720783,0.558,0.0,3,9,2,2,1.0986122886681098,2.302585092994046,-0.209,-0.12276000000000001,0.5301,-0.272975428145942
search:swapargs:1,contains,1,0,0,1,0,1,0,1,0,1,0,1,0.0,0.1,0.0,0.22,0.0,0.3,0.0,0.7152658662092626,0.0,0.556,2,3,0,2,0.6931471805599453,1.3862943611198906,0.066,0.12232000000000001,0.1668,0.39768782161235006
search:swapargs:1,count_range,0,0,0,1,0,1,1,0,0,1,1,0,0.0,0.1,0.0,0.22,0.744,0.0,0.0,0.7346053772766694,0.476,0.0,1,4,0,3,0.0,1.6094379124341003,-0.16368,-0.10472,0.35414399999999996,-0.34967215958369463
search:swapargs:1,insert_sorted,1,0,0,1,0,1,0,1,0,1,0,1,0.0,0.1,0.0,0.22,0.0,0.3,0.0,0.784121320249777,0.0,0.586,1,3,0,2,0.0,1.3862943611198906,0.066,0.12892,0.17579999999999998,0.4594950936663693
search:swapargs:2,lower_bound,1,0,0,1,0,1,1,0,0,1,1,0,0.0,0.1,0.0,0.22,0.95,0.0,0.0,0.48920327624720783,0.558,0.0,3,9,2,2,1.0986122886681098,2.302585092994046,-0.209,-0.12276000000000001,0.5301,-0.272975428145942
search:swapargs:2,contains,1,0,0,1,0,1,0,1,0,1,0,1,0.0,0.1,0.0,0.22,0.0,0.3,0.0,0.7152658662092626,0.0,0.556,2,3,0,2,0.6931471805599453,1.3862943611198906,0.066,0.12232000000000001,0.1668,0.39768782161235006
search:swapargs:2,count_range,0,0,0,1,0,1,1,0,0,1,1,0,0.0,0.1,0.0,0.22,0.744,0.0,0.0,0.7346053772766694,0.476,0.0,1,4,0,3,0.0,1.6094379124341003,-0.16368,-0.10472,0.35414399999999996,-0.34967215958369463
search:swapargs:2,insert_sorted,1,0,0,1,0,1,0,1,0,1,0,1,0.0,0.1,0.0,0.22,0.0,0.3,0.0,0.784121320249777,0.0,0.586,1,3,0,2,0.0,1.3862943611198906,0.066,0.12892,0.17579999999999998,0.4594950936663693
search:swapargs:3,lower_bound,1,0,0,1,0,1,1,0,0,1,1,0,0.0,0.1,0.0,0.22,0.95,0.0,0.0,0.48920327624720783,0.558,0.0,3,9,2,2,1.0986122886681098,2.302585092994046,-0.209,-0.12276000000000001,0.5301,-0.272975428145942
search:swapargs:3,contains,1,0,0,1,0,1,0,1,0,1,0,1,0.0,0.1,0.0,0.22,0.0,0.3,0.0,0.7152658662092626,0.0,0.556,2,3,0,2,0.6931471805599453,1.3862943611198906,0.066,0.12232000000000001,0.1668,0.39768782161235006
search:swapargs:3,count_range,1,0,0,1,0,1,0,1,0,1,1,0,0.0,0.1,0.0,0.22,0.0,0.3,0.0,0.7346053772766694,0.476,0.0,1,4,0,3,0.0,1.6094379124341003,0.066,-0.10472,-0.14279999999999998,-0.34967215958369463
search:swapargs:3,insert_sorted,0,0,0,1,0,1,1,0,0,1,0,1,0.0,0.1,0.0,0.22,0.744,0.0,0.0,0.784121320249777,0.0,0.586,1,3,0,2,0.0,1.3862943611198906,-0.16368,0.12892,-0.435984,0.4594950936663693
text:arithmetic:0,normalize,1,0,0,1,0,1,0,1,0,1,0,1,0.0,0.1,0.0,0.22,0.0,0.3,0.0,0.8365472910927456,0.0,0.488,1,2,0,1,0.0,1.0986122886681098,0.066,0.10736,0.1464,0.40823507805325987
text:arithmetic:0,words,1,0,0,1,0,1,0,1,0,1,0,1,0.0,0.1,0.0,0.22,0.0,0.3,0.0,0.7636684303350971,0.0,0.448,2,2,0,1,0.6931471805599453,1.0986122886681098,0.066,0.09856000000000001,0.1344,0.3421234567901235
text:arithmetic:0,initials,1,0,0,1,0,1,0,1,0,1,1,0,0.0,0.1,0.0,0.22,0.0,0.3,0.0,0.7636684303350971,0.582,0.0,2,2,0,1,0.6931471805599453,1.0986122886681098,0.066,-0.12804,-0.17459999999999998,-0.4444550264550265
text:arithmetic:0,truncate,0,0,0,1,0,1,1,0,0,1,1,0,0.0,0.1,0.0,0.22,0.95,0.0,0.0,0.5515903801396429,0.458,0.0,3,7,1,2,1.0986122886681098,2.0794415416798357,-0.209,-0.10076,0.4351,-0.25262839410395643
text:arithmetic:0,title_case,1,0,0,1,0,1,0,1,0,1,1,0,0.0,0.1,0.0,0.22,0.0,0.3,0.0,0.7636684303350971,0.538,0.0,2,2,0,1,0.6931471805599453,1.0986122886681098,0.066,-0.11836,-0.16140000000000002,-0.41085361552028227
text:arithmetic:1,normalize,1,0,0,1,0,1,0,1,0,1,0,1,0.0,0.1,0.0,0.22,0.0,0.3,0.0,0.8365472910927456,0.0,0.488,1,2,0,1,0.0,1.0986122886681098,0.066,0.10736,0.1464,0.40823507805325987
text:arithmetic:1,words,1,0,0,1,0,1,0,1,0,1,0,1,0.0,0.1,0.0,0.22,0.0,0.3,0.0,0.7636684303350971,0.0,0.448,2,2,0,1,0.6931471805599453,1.0986122886681098,0.066,0.09856000000000001,0.1344,0.3421234567901235
text:arithmetic:1,initials,1,0,0,1,0,1,0,1,0,1,1,0,0.0,0.1,0.0,0.22,0.0,0.3,0.0,0.7636684303350971,0.582,0.0,2,2,0,1,0.6931471805599453,1.0986122886681098,0.066,-0.12804,-0.17459999999999998,-0.4444550264550265
text:arithmetic:1,truncate,0,0,0,1,0,1,1,0,0,1,1,0,0.0,0.1,0.0,0.22,0.95,0.0,0.0,0.5515903801396429,0.458,0.0,3,7,1,2,1.0986122886681098,2.0794415416798357,-0.209,-0.10076,0.4351,-0.25262839410395643
text:arithmetic:1,title_case,1,0,0,1,0,1,0,1,0,1,1,0,0.0,0.1,0.0,0.22,0.0,0.3,0.0,0.7636684303350971,0.538,0.0,2,2,0,1,0.6931471805599453,1.0986122886681098,0.066,-0.11836,-0.16140000000000002,-0.41085361552028227
text:offbyone:0,normalize,1,0,0,1,0,1,0,1,0,1,0,1,0.0,0.1,0.0,0.22,0.0,0.3,0.0,0.8365472910927456,0.0,0.488,1,2,0,1,0.0,1.0986122886681098,0.066,0.10736,0.1464,0.40823507805325987
text:offbyone:0,words,1,0,0,1,0,1,0,1,0,1,0,1,0.0,0.1,0.0,0.22,0.0,0.3,0.0,0.7636684303350971,0.0,0.448,2,2,0,1,0.6931471805599453,1.0986122886681098,0.066,0.09856000000000001,0.1344,0.3421234567901235
text:offbyone:0,initials,0,0,0,1,0,1,0,1,0,1,1,0,0.0,0.1,0.0,0.22,0.0,0.3,0.0,0.7636684303350971,0.582,0.0,2,2,0,1,0.6931471805599453,1.0986122886681098,0.066,-0.12804,-0.17459999999999998,-0.4444550264550265
text:offbyone:0,truncate,1,0,0,1,0,1,1,0,0,1,1,0,0.0,0.1,0.0,0.22,0.95,0.0,0.0,0.5515903801396429,0.458,0.0,3,7,1,2,1.0986122886681098,2.0794415416798357,-0.209,-0.10076,0.4351,-0.25262839410395643
text:offbyone:0,title_case,1,0,0,1,0,1,0,1,0,1,1,0,0.0,0.1,0.0,0.22,0.0,0.3,0.0,0.7636684303350971,0.538,0.0,2,2,0,1,0.6931471805599453,1.0986122886681098,0.066,-0.11836,-0.16140000000000002,-0.41085361552028227
text:offbyone:2,normalize,1,0,0,1,0,1,0,1,0,1,0,1,0.0,0.1,0.0,0.22,0.0,0.3,0.0,0.8365472910927456,0.0,0.488,1,2,0,1,0.0,1.0986122886681098,0.066,0.10736,0.1464,0.40823507805325987
text:offbyone:2,words,1,0,0,1,0,1,0,1,0,1,0,1,0.0,0.1,0.0,0.22,0.0,0.3,0.0,0.7636684303350971,0.0,0.448,2,2,0,1,0.6931471805599453,1.0986122886681098,0.066,0.09856000000000001,0.1344,0.3421234567901235
text:offbyone:2,initials,1,0,0,1,0,1,0,1,0,1,1,0,0.0,0.1,0.0,0.22,0.0,0.3,0.0,0.7636684303350971,0.582,0.0,2,2,0,1,0.6931471805599453,1.0986122886681098,0.066,-0.12804,-0.17459999999999998,-0.4444550264550265
text:offbyone:2,truncate,0,0,0,1,0,1,1,0,0,1,1,0,0.0,0.1,0.0,0.22,0.95,0.0,0.0,0.5515903801396429,0.458,0.0,3,7,1,2,1.0986122886681098,2.0794415416798357,-0.209,-0.10076,0.4351,-0.25262839410395643
text:offbyone:2,title_case,1,0,0,1,0,1,0,1,0,1,1,0,0.0,0.1,0.0,0.22,0.0,0.3,0.0,0.7636684303350971,0.538,0.0,2,2,0,1,0.6931471805599453,1.0986122886681098,0.066,-0.11836,-0.16140000000000002,-0.41085361552028227
text:dropguard:0,normalize,1,0,0,1,0,1,0,1,0,1,0,1,0.0,0.1,0.0,0.22,0.0,0.3,0.0,0.8365472910927456,0.0,0.488,1,2,0,1,0.0,1.0986122886681098,0.066,0.10736,0.1464,0.40823507805325987
text:dropguard:0,words,1,0,0,1,0,1,0,1,0,1,0,1,0.0,0.1,0.0,0.22,0.0,0.3,0.0,0.7636684303350971,0.0,0.448,2,2,0,1,0.6931471805599453,1.0986122886681098,0.066,0.09856000000000001,0.1344,0.3421234567901235
text:dropguard:0,initials,1,0,0,1,0,1,0,1,0,1,1,0,0.0,0.1,0.0,0.22,0.0,0.3,0.0,0.7636684303350971,0.582,0.0,2,2,0,1,0.6931471805599453,1.0986122886681098,0.066,-0.12804,-0.17459999999999998,-0.4444550264550265
text:dropguard:0,truncate,0,0,0,1,0,1,1,0,0,1,0,1,0.0,0.1,0.0,0.22,0.95,0.0,0.0,0.639344262295082,0.0,0.48,2,5,1,2,0.6931471805599453,1.791759469228055,-0.209,0.1056,-0.45599999999999996,0.30688524590163935
text:dropguard:0,title_case,1,0,0,1,0,1,0,1,0,1,1,0,0.0,0.1,0.0,0.22,0.0,0.3,0.0,0.7636684303350971,0.538,0.0,2,2,0,1,0.6931471805599453,1.0986122886681098,0.066,-0.11836,-0.16140000000000002,-0.41085361552028227
text:dropguard:1,normalize,1,0,0,1,0,1,0,1,0,1,0,1,0.0,0.1,0.0,0.22,0.0,0.3,0.0,0.8365472910927456,0.0,0.488,1,2,0,1,0.0,1.0986122886681098,0.066,0.10736,0.1464,0.40823507805325987
text:dropguard:1,words,1,0,0,1,0,1,0,1,0,1,0,1,0.0,0.1,0.0,0.22,0.0,0.3,0.0,0.7636684303350971,0.0,0.448,2,2,0,1,0.6931471805599453,1.0986122886681098,0.066,0.09856000000000001,0.1344,0.3421234567901235
text:dropguard:1,initials,1,0,0,1,0,1,0,1,0,1,1,0,0.0,0.1,0.0,0.22,0.0,0.3,0.0,0.7636684303350971,0.582,0.0,2,2,0,1,0.6931471805599453,1.0986122886681098,0.066,-0.12804,-0.17459999999999998,-0.4444550264550265
text:dropguard:1,truncate,0,0,0,1,0,1,1,0,0,1,0,1,0.0,0.1,0.0,0.22,0.95,0.0,0.0,0.639344262295082,0.0,0.48,2,5,1,2,0.6931471805599453,1.791759469228055,-0.209,0.1056,-0.45599999999999996,0.30688524590163935
text:dropguard:1,title_case,1,0,0,1,0,1,0,1,0,1,1,0,0.0,0.1,0.0,0.22,0.0,0.3,0.0,0.7636684303350971,0.538,0.0,2,2,0,1,0.6931471805599453,1.0986122886681098,0.066,-0.11836,-0.16140000000000002,-0.41085361552028227
matrix:arithmetic:0,shape,1,0,0,1,0,1,0,1,0,1,1,0,0.0,0.1,0.0,0.22,0.0,0.3,0.0,0.6835016835016836,0.452,0.0,2,4,1,1,0.6931471805599453,1.6094379124341003,0.066,-0.09944,-0.1356,-0.308942760942761
matrix:arithmetic:0,transpose,1,0,0,1,0,1,0,1,0,1,1,0,0.0,0.1,0.0,0.22,0.0,0.3,0.0,0.6792611251049538,0.49,0.0,3,3,0,1,1.0986122886681098,1.3862943611198906,0.066,-0.10779999999999999,-0.147,-0.3328379513014274
matrix:arithmetic:0,row_sums,1,0,0,1,0,1,0,1,0,1,1,0,0.0,0.1,0.0,0.22,0.0,0.3,0.0,0.7636684303350971,0.582,0.0,2,2,0,1,0.6931471805599453,1.0986122886681098,0.066,-0.12804,-0.17459999999999998,-0.4444550264550265
matrix:arithmetic:0,scale,0,0,0,1,1,0,1,0,0,1,1,0,0.0,0.1,0.3,0.0,0.95,0.0,0.0,0.6680567139282734,0.458,0.0,3,2,0,2,1.0986122886681098,1.0986122886681098,0.285,0.1374,0.4351,-0.30596997497914924
matrix:arithmetic:0,trace,1,0,0,1,0,1,0,1,0,1,1,0,0.0,0.1,0.0,0.22,0.0,0.3,0.0,0.7271157167530227,0.538,0.0,2,4,0,1,0.6931471805599453,1.6094379124341003,0.066,-0.11836,-0.16140000000000002,-0.3911882556131262
matrix:offbyone:0,shape,0,0,0,1,0,1,0,1,0,1,1,0,0.0,0.1,0.0,0.22,0.0,0.3,0.0,0.6835016835016836,0.452,0.0,2,4,1,1,0.6931471805599453,1.6094379124341003,0.066,-0.09944,-0.1356,-0.308942760942761
matrix:offbyone:0,transpose,1,1,0,1,0,1,1,0,0,1,1,0,0.0,0.1,0.0,0.22,0.95,0.0,0.0,0.6792611251049538,0.49,0.0,3,3,0,1,1.0986122886681098,1.3862943611198906,-0.209,-0.10779999999999999,0.46549999999999997,-0.3328379513014274
matrix:offbyone:0,row_sums,1,0,0,1,0,1,0,1,0,1,1,0,0.0,0.1,0.0,0.22,0.0,0.3,0.0,0.7636684303350971,0.582,0.0,2,2,0,1,0.6931471805599453,1.0986122886681098,0.066,-0.12804,-0.17459999999999998,-0.4444550264550265
matrix:offbyone:0,scale,1,0,0,1,0,1,0,1,0,1,1,0,0.0,0.1,0.0,0.22,0.0,0.3,0.0,0.6680567139282734,0.458,0.0,3,2,0,2,1.0986122886681098,1.0986122886681098,0.066,-0.10076,-0.1374,-0.30596997497914924
matrix:offbyone:0,trace,1,1,0,1,0,1,0,1,0,1,1,0,0.0,0.1,0.0,0.22,0.0,0.3,0.0,0.7271157167530227,0.538,0.0,2,4,0,1,0.6931471805599453,1.6094379124341003,0.066,-0.11836,-0.16140000000000002,-0.3911882556131262
matrix:offbyone:1,shape,0,0,0,1,0,1,0,1,0,1,1,0,0.0,0.1,0.0,0.22,0.0,0.3,0.0,0.6835016835016836,0.452,0.0,2,4,1,1,0.6931471805599453,1.6094379124341003,0.066,-0.09944,-0.1356,-0.308942760942761
matrix:offbyone:1,transpose,1,1,0,1,0,1,1,0,0,1,1,0,0.0,0.1,0.0,0.22,0.95,0.0,0.0,0.6792611251049538,0.49,0.0,3,3,0,1,1.0986122886681098,1.3862943611198906,-0.209,-0.10779999999999999,0.46549999999999997,-0.3328379513014274
matrix:offbyone:1,row_sums,1,0,0,1,0,1,0,1,0,1,1,0,0.0,0.1,0.0,0.22,0.0,0.3,0.0,0.7636684303350971,0.582,0.0,2,2,0,1,0.6931471805599453,1.0986122886681098,0.066,-0.12804,-0.17459999999999998,-0.4444550264550265
matrix:offbyone:1,scale,1,0,0,1,0,1,0,1,0,1,1,0,0.0,0.1,0.0,0.22,0.0,0.3,0.0,0.6680567139282734,0.458,0.0,3,2,0,2,1.0986122886681098,1.0986122886681098,0.066,-0.10076,-0.1374,-0.30596997497914924
matrix:offbyone:1,trace,1,1,0,1,0,1,0,1,0,1,1,0,0.0,0.1,0.0,0.22,0.0,0.3,0.0,0.7271157167530227,0.538,0.0,2,4,0,1,0.6931471805599453,1.6094379124341003,0.066,-0.11836,-0.16140000000000002,-0.3911882556131262
matrix:offbyone:2,shape,0,0,0,1,0,1,1,0,0,1,1,0,0.0,0.1,0.0,0.22,0.95,0.0,0.0,0.6835016835016836,0.452,0.0,2,4,1,1,0.6931471805599453,1.6094379124341003,-0.209,-0.09944,0.4294,-0.308942760942761
matrix:offbyone:2,transpose,1,1,0,1,0,1,1,0,0,1,1,0,0.0,0.1,0.0,0.22,0.744,0.0,0.0,0.6792611251049538,0.49,0.0,3,3,0,1,1.0986122886681098,1.3862943611198906,-0.16368,-0.10779999999999999,0.36456,-0.3328379513014274
matrix:offbyone:2,row_sums,1,0,0,1,0,1,0,1,0,1,1,0,0.0,0.1,0.0,0.22,0.0,0.3,0.0,0.7636684303350971,0.582,0.0,2,2,0,1,0.6931471805599453,1.0986122886681098,0.066,-0.12804,-0.17459999999999998,-0.4444550264550265
matrix:offbyone:2,scale,1,0,0,1,0,1,0,1,0,1,1,0,0.0,0.1,0.0,0.22,0.0,0.3,0.0,0.6680567139282734,0.458,0.0,3,2,0,2,1.0986122886681098,1.0986122886681098,0.066,-0.10076,-0.1374,-0.30596997497914924
matrix:offbyone:2,trace,1,1,0,1,0,1,0,1,0,1,1,0,0.0,0.1,0.0,0.22,0.0,0.3,0.0,0.7271157167530227,0.538,0.0,2,4,0,1,0.6931471805599453,1.6094379124341003,0.066,-0.11836,-0.16140000000000002,-0.3911882556131262
matrix:dropguard:0,shape,0,0,0,1,0,1,1,0,0,1,0,1,0.0,0.1,0.0,0.22,0.95,0.0,0.0,0.8365472910927456,0.0,0.488,1,2,0,1,0.0,1.0986122886681098,-0.209,0.10736,-0.46359999999999996,0.40823507805325987
matrix:dropguard:0,transpose,1,1,0,1,0,1,0,1,0,1,1,0,0.0,0.1,0.0,0.22,0.0,0.3,0.0,0.6792611251049538,0.49,0.0,3,3,0,1,1.0986122886681098,1.3862943611198906,0.066,-0.10779999999999999,-0.147,-0.3328379513014274
matrix:dropguard:0,row_sums,1,0,0,1,0,1,0,1,0,1,1,0,0.0,0.1,0.0,0.22,0.0,0.3,0.0,0.7636684303350971,0.582,0.0,2,2,0,1,0.6931471805599453,1.0986122886681098,0.066,-0.12804,-0.17459999999999998,-0.4444550264550265
matrix:dropguard:0,scale,1,0,0,1,0,1,0,1,0,1,1,0,0.0,0.1,0.0,0.22,0.0,0.3,0.0,0.6680567139282734,0.458,0.0,3,2,0,2,1.0986122886681098,1.0986122886681098,0.066,-0.10076,-0.1374,-0.30596997497914924
matrix:dropguard:0,trace,1,1,0,1,0,1,0,1,0,1,1,0,0.0,0.1,0.0,0.22,0.0,0.3,0.0,0.7271157167530227,0.538,0.0,2,4,0,1,0.6931471805599453,1.6094379124341003,0.066,-0.11836,-0.16140000000000002,-0.3911882556131262
inventory:boundary:0,total_units,1,0,0,1,0,1,0,1,0,1,1,0,0.0,0.1,0.0,0.22,0.0,0.3,0.0,0.7636684303350971,0.452,0.0,2,2,0,1,0.6931471805599453,1.0986122886681098,0.066,-0.09944,-0.1356,-0.3451781305114639
inventory:boundary:0,restock_needed,0,0,0,1,0,1,0,1,0,1,1,0,0.0,0.1,0.0,0.22,0.0,0.3,0.0,0.733102253032929,0.49,0.0,2,2,0,2,0.6931471805599453,1.0986122886681098,0.066,-0.10779999999999999,-0.147,-0.3592201039861352
inventory:boundary:0,value_of,1,0,0,1,0,1,0,1,0,1,1,0,0.0,0.1,0.0,0.22,0.0,0.3,0.0,0.8365472910927456,0.476,0.0,1,2,0,1,0.0,1.0986122886681098,0.066,-0.10472,-0.14279999999999998,-0.3981965105601469
inventory:boundary:0,inventory_value,1,0,0,1,0,1,0,1,0,1,0,1,0.0,0.1,0.0,0.22,0.0,0.3,0.0,0.7636684303350971,0.0,0.48,2,2,0,1,0.6931471805599453,1.0986122886681098,0.066,0.1056,0.144,0.3665608465608466
inventory:boundary:0,apply_discount,1,0,0,1,0,1,1,0,0,1,1,0,0.0,0.1,0.0,0.22,0.95,0.0,0.0,0.5232292460015233,0.638,0.0,3,9,1,2,1.0986122886681098,2.302585092994046,-0.209,-0.14036,0.6061,-0.3338202589489719
inventory:boundary:1,total_units,1,0,0,1,0,1,0,1,0,1,1,0,0.0,0.1,0.0,0.22,0.0,0.3,0.0,0.7636684303350971,0.452,0.0,2,2,0,1,0.6931471805599453,1.0986122886681098,0.066,-0.09944,-0.1356,-0.3451781305114639
inventory:boundary:1,restock_needed,1,0,0,1,0,1,0,1,0,1,1,0,0.0,0.1,0.0,0.22,0.0,0.3,0.0,0.733102253032929,0.49,0.0,2,2,0,2,0.6931471805599453,1.0986122886681098,0.066,-0.10779999999999999,-0.147,-0.3592201039861352
inventory:boundary:1,value_of,1,0,0,1,0,1,0,1,0,1,1,0,0.0,0.1,0.0,0.22,0.0,0.3,0.0,0.8365472910927456,0.476,0.0,1,2,0,1,0.0,1.0986122886681098,0.066,-0.10472,-0.14279999999999998,-0.3981965105601469
inventory:boundary:1,inventory_value,1,0,0,1,0,1,0,1,0,1,0,1,0.0,0.1,0.0,0.22,0.0,0.3,0.0,0.7636684303350971,0.0,0.48,2,2,0,1,0.6931471805599453,1.0986122886681098,0.066,0.1056,0.144,0.3665608465608466
inventory:boundary:1,apply_discount,0,0,0,1,0,1,1,0,0,1,1,0,0.0,0.1,0.0,0.22,0.95,0.0,0.0,0.5232292460015233,0.638,0.0,3,9,1,2,1.0986122886681098,2.302585092994046,-0.209,-0.14036,0.6061,-0.3338202589489719
inventory:arithmetic:0,total_units,1,0,0,1,0,1,0,1,0,1,1,0,0.0,0.1,0.0,0.22,0.0,0.3,0.0,0.7636684303350971,0.452,0.0,2,2,0,1,0.6931471805599453,1.0986122886681098,0.066,-0.09944,-0.1356,-0.3451781305114639
inventory:arithmetic:0,restock_needed,1,0,0,1,0,1,0,1,0,1,1,0,0.0,0.1,0.0,0.22,0.0,0.3,0.0,0.733102253032929,0.49,0.0,2,2,0,2,0.6931471805599453,1.0986122886681098,0.066,-0.10779999999999999,-0.147,-0.3592201039861352
inventory:arithmetic:0,value_of,0,0,0,1,1,0,1,0,0,1,1,0,0.0,0.1,0.3,0.0,0.95,0.0,0.0,0.8365472910927456,0.476,0.0,1,2,0,1,0.0,1.0986122886681098,0.285,0.14279999999999998,0.45219999999999994,-0.3981965105601469
inventory:arithmetic:0,inventory_value,1,1,0,1,0,1,1,0,0,1,0,1,0.0,0.1,0.0,0.22,0.95,0.0,0.0,0.7636684303350971,0.0,0.48,2,2,0,1,0.6931471805599453,1.0986122886681098,-0.209,0.1056,-0.45599999999999996,0.3665608465608466
inventory:arithmetic:0,apply_discount,1,0,0,1,0,1,0,1,0,1,1,0,0.0,0.1,0.0,0.22,0.0,0.3,0.0,0.5232292460015233,0.638,0.0,3,9,1,2,1.0986122886681098,2.302585092994046,0.066,-0.14036,-0.1914,-0.3338202589489719
inventory:arithmetic:1,total_units,1,0,0,1,0,1,0,1,0,1,1,0,0.0,0.1,0.0,0.22,0.0,0.3,0.0,0.7636684303350971,0.452,0.0,2,2,0,1,0.6931471805599453,1.0986122886681098,0.066,-0.09944,-0.1356,-0.3451781305114639
inventory:arithmetic:1,restock_needed,1,0,0,1,0,1,0,1,0,1,1,0,0.0,0.1,0.0,0.22,0.0,0.3,0.0,0.733102253032929,0.49,0.0,2,2,0,2,0.6931471805599453,1.0986122886681098,0.066,-0.10779999999999999,-0.147,-0.3592201039861352
inventory:arithmetic:1,value_of,1,0,0,1,0,1,0,1,0,1,1,0,0.0,0.1,0.0,0.22,0.0,0.3,0.0,0.8365472910927456,0.476,0.0,1,2,0,1,0.0,1.0986122886681098,0.066,-0.10472,-0.14279999999999998,-0.3981965105601469
inventory:arithmetic:1,inventory_value,1,0,0,1,0,1,0,1,0,1,0,1,0.0,0.1,0.0,0.22,0.0,0.3,0.0,0.7636684303350971,0.0,0.48,2,2,0,1,0.6931471805599453,1.0986122886681098,0.066,0.1056,0.144,0.3665608465608466
inventory:arithmetic:1,apply_discount,0,0,0,1,0,1,1,0,0,1,1,0,0.0,0.1,0.0,0.22,0.95,0.0,0.0,0.5232292460015233,0.638,0.0,3,9,1,2,1.0986122886681098,2.302585092994046,-0.209,-0.14036,0.6061,-0.3338202589489719
inventory:arithmetic:2,total_units,1,0,0,1,0,1,0,1,0,1,1,0,0.0,0.1,0.0,0.22,0.0,0.3,0.0,0.7636684303350971,0.452,0.0,2,2,0,1,0.6931471805599453,1.0986122886681098,0.066,-0.09944,-0.1356,-0.3451781305114639
inventory:arithmetic:2,restock_needed,1,0,0,1,0,1,0,1,0,1,1,0,0.0,0.1,0.0,0.22,0.0,0.3,0.0,0.733102253032929,0.49,0.0,2,2,0,2,0.6931471805599453,1.0986122886681098,0.066,-0.10779999999999999,-0.147,-0.3592201039861352
inventory:arithmetic:2,value_of,1,0,0,1,0,1,0,1,0,1,1,0,0.0,0.1,0.0,0.22,0.0,0.3,0.0,0.8365472910927456,0.476,0.0,1,2,0,1,0.0,1.0986122886681098,0.066,-0.10472,-0.14279999999999998,-0.3981965105601469
inventory:arithmetic:2,inventory_value,1,0,0,1,0,1,0,1,0,1,0,1,0.0,0.1,0.0,0.22,0.0,0.3,0.0,0.7636684303350971,0.0,0.48,2,2,0,1,0.6931471805599453,1.0986122886681098,0.066,0.1056,0.144,0.3665608465608466
inventory:arithmetic:2,apply_discount,0,0,0,1,1,0,1,0,0,1,1,0,0.0,0.1,0.3,0.0,0.95,0.0,0.0,0.5232292460015233,0.638,0.0,3,9,1,2,1.0986122886681098,2.302585092994046,0.285,0.1914,0.6061,-0.3338202589489719
inventory:offbyone:1,total_units,1,0,0,1,0,1,0,1,0,1,1,0,0.0,0.1,0.0,0.22,0.0,0.3,0.0,0.7636684303350971,0.452,0.0,2,2,0,1,0.6931471805599453,1.0986122886681098,0.066,-0.09944,-0.1356,-0.3451781305114639
inventory:offbyone:1,restock_needed,1,0,0,1,0,1,0,1,0,1,1,0,0.0,0.1,0.0,0.22,0.0,0.3,0.0,0.733102253032929,0.49,0.0,2,2,0,2,0.6931471805599453,1.0986122886681098,0.066,-0.10779999999999999,-0.147,-0.3592201039861352
inventory:offbyone:1,value_of,1,0,0,1,0,1,0,1,0,1,1,0,0.0,0.1,0.0,0.22,0.0,0.3,0.0,0.8365472910927456,0.476,0.0,1,2,0,1,0.0,1.0986122886681098,0.066,-0.10472,-0.14279999999999998,-0.3981965105601469
inventory:offbyone:1,inventory_value,1,0,0,1,0,1,0,1,0,1,0,1,0.0,0.1,0.0,0.22,0.0,0.3,0.0,0.7636684303350971,0.0,0.48,2,2,0,1,0.6931471805599453,1.0986122886681098,0.066,0.1056,0.144,0.3665608465608466
inventory:offbyone:1,apply_discount,0,0,0,1,0,1,1,0,0,1,1,0,0.0,0.1,0.0,0.22,0.95,0.0,0.0,0.5232292460015233,0.638,0.0,3,9,1,2,1.0986122886681098,2.302585092994046,-0.209,-0.14036,0.6061,-0.3338202589489719
inventory:offbyone:2,total_units,1,0,0,1,0,1,0,1,0,1,1,0,0.0,0.1,0.0,0.22,0.0,0.3,0.0,0.7636684303350971,0.452,0.0,2,2,0,1,0.6931471805599453,1.0986122886681098,0.066,-0.09944,-0.1356,-0.3451781305114639
inventory:offbyone:2,restock_needed,1,0,0,1,0,1,0,1,0,1,1,0,0.0,0.1,0.0,0.22,0.0,0.3,0.0,0.733102253032929,0.49,0.0,2,2,0,2,0.6931471805599453,1.0986122886681098,0.066,-0.10779999999999999,-0.147,-0.3592201039861352
inventory:offbyone:2,value_of,1,0,0,1,0,1,0,1,0,1,1,0,0.0,0.1,0.0,0.22,0.0,0.3,0.0,0.8365472910927456,0.476,0.0,1,2,0,1,0.0,1.0986122886681098,0.066,-0.10472,-0.14279999999999998,-0.3981965105601469
inventory:offbyone:2,inventory_value,1,0,0,1,0,1,0,1,0,1,0,1,0.0,0.1,0.0,0.22,0.0,0.3,0.0,0.7636684303350971,0.0,0.48,2,2,0,1,0.6931471805599453,1.0986122886681098,0.066,0.1056,0.144,0.3665608465608466
inventory:offbyone:2,apply_discount,0,0,0,1,0,1,1,0,0,1,1,0,0.0,0.1,0.0,0.22,0.95,0.0,0.0,0.5232292460015233,0.638,0.0,3,9,1,2,1.0986122886681098,2.302585092994046,-0.209,-0.14036,0.6061,-0.3338202589489719
inventory:dropguard:0,total_units,1,0,0,1,0,1,0,1,0,1,1,0,0.0,0.1,0.0,0.22,0.0,0.3,0.0,0.7636684303350971,0.452,0.0,2,2,0,1,0.6931471805599453,1.0986122886681098,0.066,-0.09944,-0.1356,-0.3451781305114639
inventory:dropguard:0,restock_needed,1,0,0,1,0,1,0,1,0,1,1,0,0.0,0.1,0.0,0.22,0.0,0.3,0.0,0.733102253032929,0.49,0.0,2,2,0,2,0.6931471805599453,1.0986122886681098,0.066,-0.10779999999999999,-0.147,-0.3592201039861352
inventory:dropguard:0,value_of,1,0,0,1,0,1,0,1,0,1,1,0,0.0,0.1,0.0,0.22,0.0,0.3,0.0,0.8365472910927456,0.476,0.0,1,2,0,1,0.0,1.0986122886681098,0.066,-0.10472,-0.14279999999999998,-0.3981965105601469
inventory:dropguard:0,inventory_value,1,0,0,1,0,1,0,1,0,1,0,1,0.0,0.1,0.0,0.22,0.0,0.3,0.0,0.7636684303350971,0.0,0.48,2,2,0,1,0.6931471805599453,1.0986122886681098,0.066,0.1056,0.144,0.3665608465608466
inventory:dropguard:0,apply_discount,0,0,0,1,0,1,1,0,0,1,1,0,0.0,0.1,0.0,0.22,0.95,0.0,0.0,0.607717041800643,0.538,0.0,2,7,1,2,0.6931471805599453,2.0794415416798357,-0.209,-0.11836,0.5111,-0.32695176848874596
inventory:swapargs:0,total_units,1,0,0,1,0,1,0,1,0,1,1,0,0.0,0.1,0.0,0.22,0.0,0.3,0.0,0.7636684303350971,0.452,0.0,2,2,0,1,0.6931471805599453,1.0986122886681098,0.066,-0.09944,-0.1356,-0.3451781305114639
inventory:swapargs:0,restock_needed,1,0,0,1,0,1,0,1,0,1,1,0,0.0,0.1,0.0,0.22,0.0,0.3,0.0,0.733102253032929,0.49,0.0,2,2,0,2,0.6931471805599453,1.0986122886681098,0.066,-0.10779999999999999,-0.147,-0.3592201039861352
inventory:swapargs:0,value_of,1,0,0,1,0,1,0,1,0,1,1,0,0.0,0.1,0.0,0.22,0.0,0.3,0.0,0.8365472910927456,0.476,0.0,1,2,0,1,0.0,1.0986122886681098,0.066,-0.10472,-0.14279999999999998,-0.3981965105601469
inventory:swapargs:0,inventory_value,1,0,0,1,0,1,0,1,0,1,0,1,0.0,0.1,0.0,0.22,0.0,0.3,0.0,0.7636684303350971,0.0,0.48,2,2,0,1,0.6931471805599453,1.0986122886681098,0.066,0.1056,0.144,0.3665608465608466
inventory:swapargs:0,apply_discount,0,0,0,1,0,1,1,0,0,1,1,0,0.0,0.1,0.0,0.22,0.95,0.0,0.0,0.5232292460015233,0.638,0.0,3,9,1,2,1.0986122886681098,2.302585092994046,-0.209,-0.14036,0.6061,-0.3338202589489719
dates:boundary:0,is_leap,0,0,0,1,0,1,1,0,0,1,1,0,0.0,0.1,0.0,0.22,0.584,0.0,0.0,0.5910898965791567,0.558,0.0,3,6,1,1,1.0986122886681098,1.9459101490553132,-0.12847999999999998,-0.12276000000000001,0.325872,-0.32982816229116946
dates:boundary:0,days_in_month,1,1,0,1,0,1,1,0,0,1,1,0,0.0,0.1,0.0,0.22,0.492,0.0,0.0,0.51285930408472,0.594,0.0,4,6,1,2,1.3862943611198906,1.9459101490553132,-0.10824,-0.13068,0.292248,-0.3046384266263237
dates:boundary:0,day_of_year,1,1,0,1,0,1,0,1,0,1,1,0,0.0,0.1,0.0,0.22,0.0,0.3,0.0,0.6129032258064517,0.582,0.0,2,5,1,3,0.6931471805599453,1.791759469228055,0.066,-0.12804,-0.17459999999999998,-0.3567096774193549
dates:boundary:0,days_in_year,1,1,0,1,0,1,1,0,0,1,0,1,0.0,0.1,0.0,0.22,0.95,0.0,0.0,0.7636684303350971,0.0,0.48,2,2,0,1,0.6931471805599453,1.0986122886681098,-0.209,0.1056,-0.45599999999999996,0.3665608465608466
dates:boundary:1,is_leap,0,0,0,1,0,1,1,0,0,1,1,0,0.0,0.1,0.0,0.22,0.492,0.0,0.0,0.5910898965791567,0.558,0.0,3,6,1,1,1.0986122886681098,1.9459101490553132,-0.10824,-0.12276000000000001,0.274536,-0.32982816229116946
dates:boundary:1,days_in_month,1,1,0,1,0,1,1,0,0,1,1,0,0.0,0.1,0.0,0.22,0.584,0.0,0.0,0.51285930408472,0.594,0.0,4,6,1,2,1.3862943611198906,1.9459101490553132,-0.12847999999999998,-0.13068,0.346896,-0.3046384266263237
dates:boundary:1,day_of_year,1,1,0,1,0,1,0,1,0,1,1,0,0.0,0.1,0.0,0.22,0.0,0.3,0.0,0.6129032258064517,0.582,0.0,2,5,1,3,0.6931471805599453,1.791759469228055,0.066,-0.12804,-0.17459999999999998,-0.3567096774193549
dates:boundary:1,days_in_year,1,1,0,1,0,1,1,0,0,1,0,1,0.0,0.1,0.0,0.22,0.95,0.0,0.0,0.7636684303350971,0.0,0.48,2,2,0,1,0.6931471805599453,1.0986122886681098,-0.209,0.1056,-0.45599999999999996,0.3665608465608466
dates:boundary:2,is_leap,0,0,0,1,0,1,0,1,0,1,1,0,0.0,0.1,0.0,0.22,0.0,0.3,0.0,0.5910898965791567,0.558,0.0,3,6,1,1,1.0986122886681098,1.9459101490553132,0.066,-0.12276000000000001,-0.16740000000000002,-0.32982816229116946
dates:boundary:2,days_in_month,1,1,0,1,0,1,1,0,0,1,1,0,0.0,0.1,0.0,0.22,0.95,0.0,0.0,0.51285930408472,0.594,0.0,4,6,1,2,1.3862943611198906,1.9459101490553132,-0.209,-0.13068,0.5642999999999999,-0.3046384266263237
dates:boundary:2,day_of_year,1,1,0,1,0,1,0,1,0,1,1,0,0.0,0.1,0.0,0.22,0.0,0.3,0.0,0.6129032258064517,0.582,0.0,2,5,1,3,0.6931471805599453,1.791759469228055,0.066,-0.12804,-0.17459999999999998,-0.3567096774193549
dates:boundary:2,days_in_year,1,1,0,1,0,1,1,0,0,1,0,1,0.0,0.1,0.0,0.22,0.868,0.0,0.0,0.7636684303350971,0.0,0.48,2,2,0,1,0.6931471805599453,1.0986122886681098,-0.19096,0.1056,-0.41663999999999995,0.3665608465608466
dates:boundary:3,is_leap,1,0,0,1,0,1,0,1,0,1,1,0,0.0,0.1,0.0,0.22,0.0,0.3,0.0,0.5910898965791567,0.558,0.0,3,6,1,1,1.0986122886681098,1.9459101490553132,0.066,-0.12276000000000001,-0.16740000000000002,-0.32982816229116946
dates:boundary:3,days_in_month,0,0,0,1,0,1,1,0,0,1,1,0,0.0,0.1,0.0,0.22,0.95,0.0,0.0,0.51285930408472,0.594,0.0,4,6,1,2,1.3862943611198906,1.9459101490553132,-0.209,-0.13068,0.5642999999999999,-0.3046384266263237
dates:boundary:3,day_of_year,1,1,0,1,0,1,0,1,0,1,1,0,0.0,0.1,0.0,0.22,0.0,0.3,0.0,0.6129032258064517,0.582,0.0,2,5,1,3,0.6931471805599453,1.791759469228055,0.066,-0.12804,-0.17459999999999998,-0.3567096774193549
dates:boundary:3,days_in_year,1,0,0,1,0,1,0,1,0,1,0,1,0.0,0.1,0.0,0.22,0.0,0.3,0.0,0.7636684303350971,0.0,0.48,2,2,0,1,0.6931471805599453,1.0986122886681098,0.066,0.1056,0.144,0.3665608465608466
dates:offbyone:0,is_leap,0,0,0,1,0,1,1,0,0,1,1,0,0.0,0.1,0.0,0.22,0.95,0.0,0.0,0.5910898965791567,0.558,0.0,3,6,1,1,1.0986122886681098,1.9459101490553132,-0.209,-0.12276000000000001,0.5301,-0.32982816229116946
dates:offbyone:0,days_in_month,1,1,0,1,0,1,0,1,0,1,1,0,0.0,0.1,0.0,0.22,0.0,0.3,0.0,0.51285930408472,0.594,0.0,4,6,1,2,1.3862943611198906,1.9459101490553132,0.066,-0.13068,-0.1782,-0.3046384266263237
dates:offbyone:0,day_of_year,1,1,0,1,0,1,0,1,0,1,1,0,0.0,0.1,0.0,0.22,0.0,0.3,0.0,0.6129032258064517,0.582,0.0,2,5,1,3,0.6931471805599453,1.791759469228055,0.066,-0.12804,-0.17459999999999998,-0.3567096774193549
dates:offbyone:0,days_in_year,1,1,0,1,0,1,0,1,0,1,0,1,0.0,0.1,0.0,0.22,0.0,0.3,0.0,0.7636684303350971,0.0,0.48,2,2,0,1,0.6931471805599453,1.0986122886681098,0.066,0.1056,0.144,0.3665608465608466
dates:offbyone:1,is_leap,0,0,0,1,0,1,1,0,0,1,1,0,0.0,0.1,0.0,0.22,0.95,0.0,0.0,0.5910898965791567,0.558,0.0,3,6,1,1,1.0986122886681098,1.9459101490553132,-0.209,-0.12276000000000001,0.5301,-0.32982816229116946
dates:offbyone:1,days_in_month,1,1,0,1,0,1,0,1,0,1,1,0,0.0,0.1,0.0,0.22,0.0,0.3,0.0,0.51285930408472,0.594,0.0,4,6,1,2,1.3862943611198906,1.9459101490553132,0.066,-0.13068,-0.1782,-0.3046384266263237
dates:offbyone:1,day_of_year,1,1,0,1,0,1,0,1,0,1,1,0,0.0,0.1,0.0,0.22,0.0,0.3,0.0,0.6129032258064517,0.582,0.0,2,5,1,3,0.6931471805599453,1.791759469228055,0.066,-0.12804,-0.17459999999999998,-0.3567096774193549
dates:offbyone:1,days_in_year,1,1,0,1,0,1,0,1,0,1,0,1,0.0,0.1,0.0,0.22,0.0,0.3,0.0,0.7636684303350971,0.0,0.48,2,2,0,1,0.6931471805599453,1.0986122886681098,0.066,0.1056,0.144,0.3665608465608466
dates:offbyone:2,is_leap,0,0,0,1,0,1,1,0,0,1,1,0,0.0,0.1,0.0,0.22,0.95,0.0,0.0,0.5910898965791567,0.558,0.0,3,6,1,1,1.0986122886681098,1.9459101490553132,-0.209,-0.12276000000000001,0.5301,-0.32982816229116946
dates:offbyone:2,days_in_month,1,1,0,1,0,1,0,1,0,1,1,0,0.0,0.1,0.0,0.22,0.0,0.3,0.0,0.51285930408472,0.594,0.0,4,6,1,2,1.3862943611198906,1.9459101490553132,0.066,-0.13068,-0.1782,-0.3046384266263237
dates:offbyone:2,day_of_year,1,1,0,1,0,1,0,1,0,1,1,0,0.0,0.1,0.0,0.22,0.0,0.3,0.0,0.6129032258064517,0.582,0.0,2,5,1,3,0.6931471805599453,1.791759469228055,0.066,-0.12804,-0.17459999999999998,-0.3567096774193549
dates:offbyone:2,days_in_year,1,1,0,1,0,1,0,1,0,1,0,1,0.0,0.1,0.0,0.22,0.0,0.3,0.0,0.7636684303350971,0.0,0.48,2,2,0,1,0.6931471805599453,1.0986122886681098,0.066,0.1056,0.144,0.3665608465608466
dates:offbyone:3,is_leap,0,0,0,1,0,1,1,0,0,1,1,0,0.0,0.1,0.0,0.22,0.95,0.0,0.0,0.5910898965791567,0.558,0.0,3,6,1,1,1.0986122886681098,1.9459101490553132,-0.209,-0.12276000000000001,0.5301,-0.32982816229116946
dates:offbyone:3,days_in_month,1,1,0,1,0,1,0,1,0,1,1,0,0.0,0.1,0.0,0.22,0.0,0.3,0.0,0.51285930408472,0.594,0.0,4,6,1,2,1.3862943611198906,1.9459101490553132,0.066,-0.13068,-0.1782,-0.3046384266263237
dates:offbyone:3,day_of_year,1,1,0,1,0,1,0,1,0,1,1,0,0.0,0.1,0.0,0.22,0.0,0.3,0.0,0.6129032258064517,0.582,0.0,2,5,1,3,0.6931471805599453,1.791759469228055,0.066,-0.12804,-0.17459999999999998,-0.3567096774193549
dates:offbyone:3,days_in_year,1,1,0,1,0,1,0,1,0,1,0,1,0.0,0.1,0.0,0.22,0.0,0.3,0.0,0.7636684303350971,0.0,0.48,2,2,0,1,0.6931471805599453,1.0986122886681098,0.066,0.1056,0.144,0.3665608465608466
dates:dropguard:0,is_leap,0,0,0,1,0,1,0,1,0,1,1,0,0.0,0.1,0.0,0.22,0.0,0.3,0.0,0.6835016835016836,0.452,0.0,2,4,1,1,0.6931471805599453,1.6094379124341003,0.066,-0.09944,-0.1356,-0.308942760942761
dates:dropguard:0,days_in_month,1,1,0,1,0,1,1,0,0,1,1,0,0.0,0.1,0.0,0.22,0.95,0.0,0.0,0.51285930408472,0.594,0.0,4,6,1,2,1.3862943611198906,1.9459101490553132,-0.209,-0.13068,0.5642999999999999,-0.3046384266263237
dates:dropguard:0,day_of_year,1,1,0,1,0,1,0,1,0,1,1,0,0.0,0.1,0.0,0.22,0.0,0.3,0.0,0.6129032258064517,0.582,0.0,2,5,1,3,0.6931471805599453,1.791759469228055,0.066,-0.12804,-0.17459999999999998,-0.3567096774193549
dates:dropguard:0,days_in_year,1,1,0,1,0,1,0,1,0,1,0,1,0.0,0.1,0.0,0.22,0.0,0.3,0.0,0.7636684303350971,0.0,0.48,2,2,0,1,0.6931471805599453,1.0986122886681098,0.066,0.1056,0.144,0.3665608465608466
dates:dropguard:1,is_leap,0,0,0,1,0,1,0,1,0,1,1,0,0.0,0.1,0.0,0.22,0.0,0.3,0.0,0.6835016835016836,0.452,0.0,2,4,1,1,0.6931471805599453,1.6094379124341003,0.066,-0.09944,-0.1356,-0.308942760942761
dates:dropguard:1,days_in_month,1,1,0,1,0,1,1,0,0,1,1,0,0.0,0.1,0.0,0.22,0.95,0.0,0.0,0.51285930408472,0.594,0.0,4,6,1,2,1.3862943611198906,1.9459101490553132,-0.209,-0.13068,0.5642999999999999,-0.3046384266263237
dates:dropguard:1,day_of_year,1,1,0,1,0,1,0,1,0,1,1,0,0.0,0.1,0.0,0.22,0.0,0.3,0.0,0.6129032258064517,0.582,0.0,2,5,1,3,0.6931471805599453,1.791759469228055,0.066,-0.12804,-0.17459999999999998,-0.3567096774193549
dates:dropguard:1,days_in_year,1,1,0,1,0,1,0,1,0,1,0,1,0.0,0.1,0.0,0.22,0.0,0.3,0.0,0.7636684303350971,0.0,0.48,2,2,0,1,0.6931471805599453,1.0986122886681098,0.066,0.1056,0.144,0.3665608465608466
dates:dropguard:2,is_leap,1,0,0,1,0,1,0,1,0,1,1,0,0.0,0.1,0.0,0.22,0.0,0.3,0.0,0.5910898965791567,0.558,0.0,3,6,1,1,1.0986122886681098,1.9459101490553132,0.066,-0.12276000000000001,-0.16740000000000002,-0.32982816229116946
dates:dropguard:2,days_in_month,0,0,0,1,1,0,0,1,0,1,0,1,0.0,0.1,0.15,0.0,0.0,0.3,0.0,0.6556291390728477,0.0,0.448,2,4,1,2,0.6931471805599453,1.6094379124341003,-0.045,-0.0672,0.1344,0.29372185430463577
dates:dropguard:2,day_of_year,1,1,0,1,0,1,1,0,0,1,1,0,0.0,0.1,0.0,0.22,0.95,0.0,0.0,0.6129032258064517,0.582,0.0,2,5,1,3,0.6931471805599453,1.791759469228055,-0.209,-0.12804,0.5529,-0.3567096774193549
dates:dropguard:2,days_in_year,1,0,0,1,0,1,0,1,0,1,0,1,0.0,0.1,0.0,0.22,0.0,0.3,0.0,0.7636684303350971,0.0,0.48,2,2,0,1,0.6931471805599453,1.0986122886681098,0.066,0.1056,0.144,0.3665608465608466
dates:dropguard:3,is_leap,1,0,0,1,0,1,0,1,0,1,1,0,0.0,0.1,0.0,0.22,0.0,0.3,0.0,0.5910898965791567,0.558,0.0,3,6,1,1,1.0986122886681098,1.9459101490553132,0.066,-0.12276000000000001,-0.16740000000000002,-0.32982816229116946
dates:dropguard:3,days_in_month,0,0,0,1,0,1,0,1,0,1,1,0,0.0,0.1,0.0,0.22,0.0,0.3,0.0,0.596169193934557,0.49,0.0,3,4,1,2,1.0986122886681098,1.6094379124341003,0.066,-0.10779999999999999,-0.147,-0.2921229050279329
dates:dropguard:3,day_of_year,1,1,0,1,0,1,1,0,0,1,1,0,0.0,0.1,0.0,0.22,0.95,0.0,0.0,0.6129032258064517,0.582,0.0,2,5,1,3,0.6931471805599453,1.791759469228055,-0.209,-0.12804,0.5529,-0.3567096774193549
dates:dropguard:3,days_in_year,1,0,0,1,0,1,0,1,0,1,0,1,0.0,0.1,0.0,0.22,0.0,0.3,0.0,0.7636684303350971,0.0,0.48,2,2,0,1,0.6931471805599453,1.0986122886681098,0.066,0.1056,0.144,0.3665608465608466
dates:swapargs:0,is_leap,1,0,0,1,0,1,0,1,0,1,1,0,0.0,0.1,0.0,0.22,0.0,0.3,0.0,0.5910898965791567,0.558,0.0,3,6,1,1,1.0986122886681098,1.9459101490553132,0.066,-0.12276000000000001,-0.16740000000000002,-0.32982816229116946
dates:swapargs:0,days_in_month,1,0,0,1,0,1,0,1,0,1,1,0,0.0,0.1,0.0,0.22,0.0,0.3,0.0,0.51285930408472,0.594,0.0,4,6,1,2,1.3862943611198906,1.9459101490553132,0.066,-0.13068,-0.1782,-0.3046384266263237
dates:swapargs:0,day_of_year,0,0,0,1,0,1,0,1,0,1,1,0,0.0,0.1,0.0,0.22,0.0,0.3,0.0,0.6129032258064517,0.582,0.0,2,5,1,3,0.6931471805599453,1.791759469228055,0.066,-0.12804,-0.17459999999999998,-0.3567096774193549
dates:swapargs:0,days_in_year,1,0,0,1,0,1,1,0,0,1,0,1,0.0,0.1,0.0,0.22,0.95,0.0,0.0,0.7636684303350971,0.0,0.48,2,2,0,1,0.6931471805599453,1.0986122886681098,-0.209,0.1056,-0.45599999999999996,0.3665608465608466
dates:swapargs:1,is_leap,1,0,0,1,0,1,0,1,0,1,1,0,0.0,0.1,0.0,0.22,0.0,0.3,0.0,0.5910898965791567,0.558,0.0,3,6,1,1,1.0986122886681098,1.9459101490553132,0.066,-0.12276000000000001,-0.16740000000000002,-0.32982816229116946
dates:swapargs:1,days_in_month,1,0,0,1,0,1,0,1,0,1,1,0,0.0,0.1,0.0,0.22,0.0,0.3,0.0,0.51285930408472,0.594,0.0,4,6,1,2,1.3862943611198906,1.9459101490553132,0.066,-0.13068,-0.1782,-0.3046384266263237
dates:swapargs:1,day_of_year,0,0,0,1,0,1,0,1,0,1,1,0,0.0,0.1,0.0,0.22,0.0,0.3,0.0,0.6129032258064517,0.582,0.0,2,5,1,3,0.6931471805599453,1.791759469228055,0.066,-0.12804,-0.17459999999999998,-0.3567096774193549
dates:swapargs:1,days_in_year,1,0,0,1,0,1,1,0,0,1,0,1,0.0,0.1,0.0,0.22,0.95,0.0,0.0,0.7636684303350971,0.0,0.48,2,2,0,1,0.6931471805599453,1.0986122886681098,-0.209,0.1056,-0.45599999999999996,0.3665608465608466
parsing:boundary:0,parse_kv,1,0,0,1,0,1,0,1,0,1,1,0,0.0,0.1,0.0,0.22,0.0,0.3,0.0,0.6666666666666667,0.452,0.0,2,5,1,1,0.6931471805599453,1.791759469228055,0.066,-0.09944,-0.1356,-0.3013333333333334
parsing:boundary:0,parse_all,1,0,0,1,0,1,0,1,0,1,1,0,0.0,0.1,0.0,0.22,0.0,0.3,0.0,0.4035087719298245,0.594,0.0,5,10,2,1,1.6094379124341003,2.3978952727983707,0.066,-0.13068,-0.1782,-0.23968421052631572
parsing:boundary:0,coerce,0,0,0,1,0,1,0,1,0,1,1,0,0.0,0.1,0.0,0.22,0.0,0.3,0.0,0.5760441292356184,0.68,0.0,3,7,1,1,1.0986122886681098,2.0794415416798357,0.066,-0.1496,-0.20400000000000001,-0.39171000788022053
parsing:boundary:0,build_config,1,1,0,1,0,1,1,0,0,1,0,1,0.0,0.1,0.0,0.22,0.95,0.0,0.0,0.7452006980802794,0.0,0.48,2,3,0,1,0.6931471805599453,1.3862943611198906,-0.209,0.1056,-0.45599999999999996,0.3576963350785341
parsing:offbyone:0,parse_kv,1,0,0,1,0,1,0,1,0,1,1,0,0.0,0.1,0.0,0.22,0.0,0.3,0.0,0.6666666666666667,0.452,0.0,2,5,1,1,0.6931471805599453,1.791759469228055,0.066,-0.09944,-0.1356,-0.3013333333333334
parsing:offbyone:0,parse_all,0,0,0,1,0,1,0,1,0,1,1,0,0.0,0.1,0.0,0.22,0.0,0.3,0.0,0.4035087719298245,0.594,0.0,5,10,2,1,1.6094379124341003,2.3978952727983707,0.066,-0.13068,-0.1782,-0.23968421052631572
parsing:offbyone:0,coerce,1,0,0,1,0,1,1,0,0,1,1,0,0.0,0.1,0.0,0.22,0.95,0.0,0.0,0.5760441292356184,0.68,0.0,3,7,1,1,1.0986122886681098,2.0794415416798357,-0.209,-0.1496,0.646,-0.39171000788022053
parsing:offbyone:0,build_config,1,1,0,1,0,1,1,0,0,1,0,1,0.0,0.1,0.0,0.22,0.785,0.0,0.0,0.7452006980802794,0.0,0.48,2,3,0,1,0.6931471805599453,1.3862943611198906,-0.17270000000000002,0.1056,-0.3768,0.3576963350785341
parsing:offbyone:1,parse_kv,1,0,0,1,0,1,0,1,0,1,1,0,0.0,0.1,0.0,0.22,0.0,0.3,0.0,0.6666666666666667,0.452,0.0,2,5,1,1,0.6931471805599453,1.791759469228055,0.066,-0.09944,-0.1356,-0.3013333333333334
parsing:offbyone:1,parse_all,0,0,0,1,0,1,1,0,0,1,1,0,0.0,0.1,0.0,0.22,0.95,0.0,0.0,0.4035087719298245,0.594,0.0,5,10,2,1,1.6094379124341003,2.3978952727983707,-0.209,-0.13068,0.5642999999999999,-0.23968421052631572
parsing:offbyone:1,coerce,1,0,0,1,0,1,1,0,0,1,1,0,0.0,0.1,0.0,0.22,0.25,0.0,0.0,0.5760441292356184,0.68,0.0,3,7,1,1,1.0986122886681098,2.0794415416798357,-0.055,-0.1496,0.17,-0.39171000788022053
parsing:offbyone:1,build_config,1,1,0,1,0,1,1,0,0,1,0,1,0.0,0.1,0.0,0.22,0.435,0.0,0.0,0.7452006980802794,0.0,0.48,2,3,0,1,0.6931471805599453,1.3862943611198906,-0.0957,0.1056,-0.20879999999999999,0.3576963350785341
parsing:dropguard:0,parse_kv,0,0,0,1,0,1,1,0,0,1,0,1,0.0,0.1,0.0,0.22,0.95,0.0,0.0,0.8165304268846503,0.0,0.488,1,3,0,1,0.0,1.3862943611198906,-0.209,0.10736,-0.46359999999999996,0.3984668483197093
parsing:dropguard:0,parse_all,1,1,0,1,0,1,0,1,0,1,1,0,0.0,0.1,0.0,0.22,0.0,0.3,0.0,0.4035087719298245,0.594,0.0,5,10,2,1,1.6094379124341003,2.3978952727983707,0.066,-0.13068,-0.1782,-0.23968421052631572
parsing:dropguard:0,coerce,1,0,0,1,0,1,0,1,0,1,1,0,0.0,0.1,0.0,0.22,0.0,0.3,0.0,0.5760441292356184,0.68,0.0,3,7,1,1,1.0986122886681098,2.0794415416798357,0.066,-0.1496,-0.20400000000000001,-0.39171000788022053
parsing:dropguard:0,build_config,1,1,0,1,0,1,0,1,0,1,0,1,0.0,0.1,0.0,0.22,0.0,0.3,0.0,0.7452006980802794,0.0,0.48,2,3,0,1,0.6931471805599453,1.3862943611198906,0.066,0.1056,0.144,0.3576963350785341
parsing:dropguard:1,parse_kv,1,0,0,1,0,1,0,1,0,1,1,0,0.0,0.1,0.0,0.22,0.0,0.3,0.0,0.6666666666666667,0.452,0.0,2,5,1,1,0.6931471805599453,1.791759469228055,0.066,-0.09944,-0.1356,-0.3013333333333334
parsing:dropguard:1,parse_all,1,0,0,1,0,1,0,1,0,1,1,0,0.0,0.1,0.0,0.22,0.0,0.3,0.0,0.4035087719298245,0.594,0.0,5,10,2,1,1.6094379124341003,2.3978952727983707,0.066,-0.13068,-0.1782,-0.23968421052631572
parsing:dropguard:1,coerce,0,0,0,1,0,1,1,0,0,1,1,0,0.0,0.1,0.0,0.22,0.95,0.0,0.0,0.6666666666666667,0.582,0.0,2,5,1,1,0.6931471805599453,1.791759469228055,-0.209,-0.12804,0.5529,-0.388
parsing:dropguard:1,build_config,1,1,0,1,0,1,1,0,0,1,0,1,0.0,0.1,0.0,0.22,0.95,0.0,0.0,0.7452006980802794,0.0,0.48,2,3,0,1,0.6931471805599453,1.3862943611198906,-0.209,0.1056,-0.45599999999999996,0.3576963350785341
geometry:arithmetic:0,distance,0,0,0,1,0,1,0,1,0,1,0,1,0.0,0.1,0.0,0.22,0.0,0.3,0.0,0.8034265103697025,0.0,0.488,1,2,0,2,0.0,1.0986122886681098,0.066,0.10736,0.1464,0.39207213706041477
geometry:arithmetic:0,perimeter,1,1,0,1,0,1,1,0,0,1,1,0,0.0,0.1,0.0,0.22,0.95,0.0,0.0,0.5760441292356184,0.49,0.0,3,7,1,1,1.0986122886681098,2.0794415416798357,-0.209,-0.10779999999999999,0.46549999999999997,-0.282261623325453
geometry:arithmetic:0,centroid,1,0,0,1,2,0,1,0,0,1,1,0,0.0,0.1,0.6,0.0,0.95,0.0,0.0,0.5503875968992247,0.772,0.0,4,5,1,1,1.3862943611198906,1.791759469228055,0.57,0.4632,0.7333999999999999,-0.42489922480620146
geometry:arithmetic:0,bounding_box,1,0,0,1,0,1,0,1,0,1,1,0,0.0,0.1,0.0,0.22,0.0,0.3,0.0,0.5360983102918586,0.564,0.0,4,6,1,1,1.3862943611198906,1.9459101490553132,0.066,-0.12407999999999998,-0.1692,-0.3023594470046082
geometry:arithmetic:1,distance,0,0,0,1,0,1,0,1,0,1,0,1,0.0,0.1,0.0,0.22,0.0,0.3,0.0,0.8034265103697025,0.0,0.488,1,2,0,2,0.0,1.0986122886681098,0.066,0.10736,0.1464,0.39207213706041477
geometry:arithmetic:1,perimeter,1,1,0,1,0,1,1,0,0,1,1,0,0.0,0.1,0.0,0.22,0.95,0.0,0.0,0.5760441292356184,0.49,0.0,3,7,1,1,1.0986122886681098,2.0794415416798357,-0.209,-0.10779999999999999,0.46549999999999997,-0.282261623325453
geometry:arithmetic:1,centroid,1,0,0,1,2,0,1,0,0,1,1,0,0.0,0.1,0.6,0.0,0.95,0.0,0.0,0.5503875968992247,0.772,0.0,4,5,1,1,1.3862943611198906,1.791759469228055,0.57,0.4632,0.7333999999999999,-0.42489922480620146
geometry:arithmetic:1,bounding_box,1,0,0,1,0,1,0,1,0,1,1,0,0.0,0.1,0.0,0.22,0.0,0.3,0.0,0.5360983102918586,0.564,0.0,4,6,1,1,1.3862943611198906,1.9459101490553132,0.066,-0.12407999999999998,-0.1692,-0.3023594470046082
geometry:arithmetic:2,distance,0,0,0,1,0,1,0,1,0,1,0,1,0.0,0.1,0.0,0.22,0.0,0.3,0.0,0.8034265103697025,0.0,0.488,1,2,0,2,0.0,1.0986122886681098,0.066,0.10736,0.1464,0.39207213706041477
geometry:arithmetic:2,perimeter,1,1,0,1,0,1,1,0,0,1,1,0,0.0,0.1,0.0,0.22,0.95,0.0,0.0,0.5760441292356184,0.49,0.0,3,7,1,1,1.0986122886681098,2.0794415416798357,-0.209,-0.10779999999999999,0.46549999999999997,-0.282261623325453
geometry:arithmetic:2,centroid,1,0,0,1,2,0,1,0,0,1,1,0,0.0,0.1,0.6,0.0,0.95,0.0,0.0,0.5503875968992247,0.772,0.0,4,5,1,1,1.3862943611198906,1.791759469228055,0.57,0.4632,0.7333999999999999,-0.42489922480620146
geometry:arithmetic:2,bounding_box,1,0,0,1,0,1,0,1,0,1,1,0,0.0,0.1,0.0,0.22,0.0,0.3,0.0,0.5360983102918586,0.564,0.0,4,6,1,1,1.3862943611198906,1.9459101490553132,0.066,-0.12407999999999998,-0.1692,-0.3023594470046082
geometry:offbyone:0,distance,0,0,0,1,0,1,0,1,0,1,0,1,0.0,0.1,0.0,0.22,0.0,0.3,0.0,0.8034265103697025,0.0,0.488,1,2,0,2,0.0,1.0986122886681098,0.066,0.10736,0.1464,0.39207213706041477
geometry:offbyone:0,perimeter,1,1,0,1,0,1,0,1,0,1,1,0,0.0,0.1,0.0,0.22,0.0,0.3,0.0,0.5760441292356184,0.49,0.0,3,7,1,1,1.0986122886681098,2.0794415416798357,0.066,-0.10779999999999999,-0.147,-0.282261623325453
geometry:offbyone:0,centroid,1,0,0,1,2,0,1,0,0,1,1,0,0.0,0.1,0.6,0.0,0.95,0.0,0.0,0.5503875968992247,0.772,0.0,4,5,1,1,1.3862943611198906,1.791759469228055,0.57,0.4632,0.7333999999999999,-0.42489922480620146
geometry:offbyone:0,bounding_box,1,0,0,1,0,1,0,1,0,1,1,0,0.0,0.1,0.0,0.22,0.0,0.3,0.0,0.5360983102918586,0.564,0.0,4,6,1,1,1.3862943611198906,1.9459101490553132,0.066,-0.12407999999999998,-0.1692,-0.3023594470046082
geometry:offbyone:1,distance,0,0,0,1,0,1,0,1,0,1,0,1,0.0,0.1,0.0,0.22,0.0,0.3,0.0,0.8034265103697025,0.0,0.488,1,2,0,2,0.0,1.0986122886681098,0.066,0.10736,0.1464,0.39207213706041477
geometry:offbyone:1,perimeter,1,1,0,1,0,1,1,0,0,1,1,0,0.0,0.1,0.0,0.22,0.95,0.0,0.0,0.5760441292356184,0.49,0.0,3,7,1,1,1.0986122886681098,2.0794415416798357,-0.209,-0.10779999999999999,0.46549999999999997,-0.282261623325453
geometry:offbyone:1,centroid,1,0,0,1,2,0,1,0,0,1,1,0,0.0,0.1,0.6,0.0,0.95,0.0,0.0,0.5503875968992247,0.772,0.0,4,5,1,1,1.3862943611198906,1.791759469228055,0.57,0.4632,0.7333999999999999,-0.42489922480620146
geometry:offbyone:1,bounding_box,1,0,0,1,0,1,0,1,0,1,1,0,0.0,0.1,0.0,0.22,0.0,0.3,0.0,0.5360983102918586,0.564,0.0,4,6,1,1,1.3862943611198906,1.9459101490553132,0.066,-0.12407999999999998,-0.1692,-0.3023594470046082
geometry:offbyone:2,distance,0,0,0,1,0,1,0,1,0,1,0,1,0.0,0.1,0.0,0.22,0.0,0.3,0.0,0.8034265103697025,0.0,0.488,1,2,0,2,0.0,1.0986122886681098,0.066,0.10736,0.1464,0.39207213706041477
geometry:offbyone:2,perimeter,1,1,0,1,0,1,1,0,0,1,1,0,0.0,0.1,0.0,0.22,0.95,0.0,0.0,0.5760441292356184,0.49,0.0,3,7,1,1,1.0986122886681098,2.0794415416798357,-0.209,-0.10779999999999999,0.46549999999999997,-0.282261623325453
geometry:offbyone:2,centroid,1,0,0,1,2,0,1,0,0,1,1,0,0.0,0.1,0.6,0.0,0.95,0.0,0.0,0.5503875968992247,0.772,0.0,4,5,1,1,1.3862943611198906,1.791759469228055,0.57,0.4632,0.7333999999999999,-0.42489922480620146
geometry:offbyone:2,bounding_box,1,0,0,1,0,1,0,1,0,1,1,0,0.0,0.1,0.0,0.22,0.0,0.3,0.0,0.5360983102918586,0.564,0.0,4,6,1,1,1.3862943611198906,1.9459101490553132,0.066,-0.12407999999999998,-0.1692,-0.3023594470046082
geometry:offbyone:3,distance,0,0,0,1,0,1,1,0,0,1,0,1,0.0,0.1,0.0,0.22,0.95,0.0,0.0,0.8034265103697025,0.0,0.488,1,2,0,2,0.0,1.0986122886681098,-0.209,0.10736,-0.46359999999999996,0.39207213706041477
geometry:offbyone:3,perimeter,1,1,0,1,0,1,1,0,0,1,1,0,0.0,0.1,0.0,0.22,0.559,0.0,0.0,0.5760441292356184,0.49,0.0,3,7,1,1,1.0986122886681098,2.0794415416798357,-0.12298,-0.10779999999999999,0.27391000000000004,-0.282261623325453
geometry:offbyone:3,centroid,1,0,0,1,2,0,1,0,0,1,1,0,0.0,0.1,0.6,0.0,0.25,0.0,0.0,0.5503875968992247,0.772,0.0,4,5,1,1,1.3862943611198906,1.791759469228055,0.15,0.4632,0.193,-0.42489922480620146
geometry:offbyone:3,bounding_box,1,0,0,1,0,1,0,1,0,1,1,0,0.0,0.1,0.0,0.22,0.0,0.3,0.0,0.5360983102918586,0.564,0.0,4,6,1,1,1.3862943611198906,1.9459101490553132,0.066,-0.12407999999999998,-0.1692,-0.3023594470046082
geometry:dropguard:1,distance,1,0,0,1,0,1,0,1,0,1,0,1,0.0,0.1,0.0,0.22,0.0,0.3,0.0,0.8034265103697025,0.0,0.488,1,2,0,2,0.0,1.0986122886681098,0.066,0.10736,0.1464,0.39207213706041477
geometry:dropguard:1,perimeter,1,0,0,1,0,1,0,1,0,1,1,0,0.0,0.1,0.0,0.22,0.0,0.3,0.0,0.5760441292356184,0.49,0.0,3,7,1,1,1.0986122886681098,2.0794415416798357,0.066,-0.10779999999999999,-0.147,-0.282261623325453
geometry:dropguard:1,centroid,0,0,0,1,2,0,1,0,0,1,1,0,0.0,0.1,0.6,0.0,0.95,0.0,0.0,0.6792611251049538,0.68,0.0,3,3,0,1,1.0986122886681098,1.3862943611198906,0.57,0.40800000000000003,0.646,-0.46189756507136864
geometry:dropguard:1,bounding_box,1,0,0,1,0,1,1,0,0,1,1,0,0.0,0.1,0.0,0.22,0.374,0.0,0.0,0.5360983102918586,0.564,0.0,4,6,1,1,1.3862943611198906,1.9459101490553132,-0.08228,-0.12407999999999998,0.21093599999999998,-0.3023594470046082
stack:boundary:0,make_stack,1,0,0,1,0,1,0,1,0,1,0,1,0.0,0.1,0.0,0.22,0.0,0.3,0.0,0.8709073900841908,0.0,0.488,1,2,0,0,0.0,1.0986122886681098,0.066,0.10736,0.1464,0.4250028063610851
stack:boundary:0,push,1,0,0,1,0,1,0,1,0,1,0,1,0.0,0.1,0.0,0.22,0.0,0.3,0.0,0.784121320249777,0.0,0.556,1,3,0,2,0.0,1.3862943611198906,0.066,0.12232000000000001,0.1668,0.43597145405887605
stack:boundary:0,pop,1,0,0,1,0,1,0,1,0,1,1,0,0.0,0.1,0.0,0.22,0.0,0.3,0.0,0.6835016835016836,0.582,0.0,2,4,1,1,0.6931471805599453,1.6094379124341003,0.066,-0.12804,-0.17459999999999998,-0.3977979797979798
stack:boundary:0,peek,1,0,0,1,0,1,0,1,0,1,0,1,0.0,0.1,0.0,0.22,0.0,0.3,0.0,0.6835016835016836,0.0,0.48,2,4,1,1,0.6931471805599453,1.6094379124341003,0.066,0.1056,0.144,0.32808080808080814
stack:boundary:0,is_balanced,0,0,0,1,0,1,1,0,0,1,1,0,0.0,0.1,0.0,0.22,0.95,0.0,0.0,0.2970168612191959,0.822,0.0,6,11,4,1,1.791759469228055,2.4849066497880004,-0.209,-0.18084,0.7808999999999999,-0.24414785992217902
stack:boundary:1,make_stack,1,0,0,1,0,1,0,1,0,1,0,1,0.0,0.1,0.0,0.22,0.0,0.3,0.0,0.8709073900841908,0.0,0.488,1,2,0,0,0.0,1.0986122886681098,0.066,0.10736,0.1464,0.4250028063610851
stack:boundary:1,push,1,0,0,1,0,1,0,1,0,1,0,1,0.0,0.1,0.0,0.22,0.0,0.3,0.0,0.784121320249777,0.0,0.556,1,3,0,2,0.0,1.3862943611198906,0.066,0.12232000000000001,0.1668,0.43597145405887605
stack:boundary:1,pop,1,0,0,1,0,1,0,1,0,1,1,0,0.0,0.1,0.0,0.22,0.0,0.3,0.0,0.6835016835016836,0.582,0.0,2,4,1,1,0.6931471805599453,1.6094379124341003,0.066,-0.12804,-0.17459999999999998,-0.3977979797979798
stack:boundary:1,peek,1,0,0,1,0,1,0,1,0,1,0,1,0.0,0.1,0.0,0.22,0.0,0.3,0.0,0.6835016835016836,0.0,0.48,2,4,1,1,0.6931471805599453,1.6094379124341003,0.066,0.1056,0.144,0.32808080808080814
stack:boundary:1,is_balanced,0,0,0,1,0,1,1,0,0,1,1,0,0.0,0.1,0.0,0.22,0.95,0.0,0.0,0.2970168612191959,0.822,0.0,6,11,4,1,1.791759469228055,2.4849066497880004,-0.209,-0.18084,0.7808999999999999,-0.24414785992217902
stack:offbyone:0,make_stack,1,0,0,1,0,1,0,1,0,1,0,1,0.0,0.1,0.0,0.22,0.0,0.3,0.0,0.8709073900841908,0.0,0.488,1,2,0,0,0.0,1.0986122886681098,0.066,0.10736,0.1464,0.4250028063610851
stack:offbyone:0,push,1,0,0,1,0,1,0,1,0,1,0,1,0.0,0.1,0.0,0.22,0.0,0.3,0.0,0.784121320249777,0.0,0.556,1,3,0,2,0.0,1.3862943611198906,0.066,0.12232000000000001,0.1668,0.43597145405887605
stack:offbyone:0,pop,1,0,0,1,0,1,0,1,0,1,1,0,0.0,0.1,0.0,0.22,0.0,0.3,0.0,0.6835016835016836,0.582,0.0,2,4,1,1,0.6931471805599453,1.6094379124341003,0.066,-0.12804,-0.17459999999999998,-0.3977979797979798
stack:offbyone:0,peek,0,0,0,1,0,1,1,0,0,1,0,1,0.0,0.1,0.0,0.22,0.95,0.0,0.0,0.6835016835016836,0.0,0.48,2,4,1,1,0.6931471805599453,1.6094379124341003,-0.209,0.1056,-0.45599999999999996,0.32808080808080814
stack:offbyone:0,is_balanced,1,0,0,1,0,1,1,0,0,1,1,0,0.0,0.1,0.0,0.22,0.374,0.0,0.0,0.2970168612191959,0.822,0.0,6,11,4,1,1.791759469228055,2.4849066497880004,-0.08228,-0.18084,0.307428,-0.24414785992217902
stack:offbyone:1,make_stack,1,0,0,1,0,1,0,1,0,1,0,1,0.0,0.1,0.0,0.22,0.0,0.3,0.0,0.8709073900841908,0.0,0.488,1,2,0,0,0.0,1.0986122886681098,0.066,0.10736,0.1464,0.4250028063610851
stack:offbyone:1,push,1,0,0,1,0,1,0,1,0,1,0,1,0.0,0.1,0.0,0.22,0.0,0.3,0.0,0.784121320249777,0.0,0.556,1,3,0,2,0.0,1.3862943611198906,0.066,0.12232000000000001,0.1668,0.43597145405887605
stack:offbyone:1,pop,1,0,0,1,0,1,0,1,0,1,1,0,0.0,0.1,0.0,0.22,0.0,0.3,0.0,0.6835016835016836,0.582,0.0,2,4,1,1,0.6931471805599453,1.6094379124341003,0.066,-0.12804,-0.17459999999999998,-0.3977979797979798
stack:offbyone:1,peek,1,0,0,1,0,1,0,1,0,1,0,1,0.0,0.1,0.0,0.22,0.0,0.3,0.0,0.6835016835016836,0.0,0.48,2,4,1,1,0.6931471805599453,1.6094379124341003,0.066,0.1056,0.144,0.32808080808080814
stack:offbyone:1,is_balanced,0,0,0,1,0,1,1,0,0,1,1,0,0.0,0.1,0.0,0.22,0.95,0.0,0.0,0.2970168612191959,0.822,0.0,6,11,4,1,1.791759469228055,2.4849066497880004,-0.209,-0.18084,0.7808999999999999,-0.24414785992217902
stack:offbyone:2,make_stack,1,0,0,1,0,1,0,1,0,1,0,1,0.0,0.1,0.0,0.22,0.0,0.3,0.0,0.8709073900841908,0.0,0.488,1,2,0,0,0.0,1.0986122886681098,0.066,0.10736,0.1464,0.4250028063610851
stack:offbyone:2,push,1,0,0,1,0,1,0,1,0,1,0,1,0.0,0.1,0.0,0.22,0.0,0.3,0.0,0.784121320249777,0.0,0.556,1,3,0,2,0.0,1.3862943611198906,0.066,0.12232000000000001,0.1668,0.43597145405887605
stack:offbyone:2,pop,1,0,0,1,0,1,0,1,0,1,1,0,0.0,0.1,0.0,0.22,0.0,0.3,0.0,0.6835016835016836,0.582,0.0,2,4,1,1,0.6931471805599453,1.6094379124341003,0.066,-0.12804,-0.17459999999999998,-0.3977979797979798
stack:offbyone:2,peek,1,0,0,1,0,1,0,1,0,1,0,1,0.0,0.1,0.0,0.22,0.0,0.3,0.0,0.6835016835016836,0.0,0.48,2,4,1,1,0.6931471805599453,1.6094379124341003,0.066,0.1056,0.144,0.32808080808080814
stack:offbyone:2,is_balanced,0,0,0,1,0,1,1,0,0,1,1,0,0.0,0.1,0.0,0.22,0.95,0.0,0.0,0.2970168612191959,0.822,0.0,6,11,4,1,1.791759469228055,2.4849066497880004,-0.209,-0.18084,0.7808999999999999,-0.24414785992217902
stack:dropguard:0,make_stack,1,0,0,1,0,1,0,1,0,1,0,1,0.0,0.1,0.0,0.22,0.0,0.3,0.0,0.8709073900841908,0.0,0.488,1,2,0,0,0.0,1.0986122886681098,0.066,0.10736,0.1464,0.4250028063610851
stack:dropguard:0,push,1,0,0,1,0,1,0,1,0,1,0,1,0.0,0.1,0.0,0.22,0.0,0.3,0.0,0.784121320249777,0.0,0.556,1,3,0,2,0.0,1.3862943611198906,0.066,0.12232000000000001,0.1668,0.43597145405887605
stack:dropguard:0,pop,0,0,0,1,0,1,1,0,0,1,1,0,0.0,0.1,0.0,0.22,0.95,0.0,0.0,0.8365472910927456,0.476,0.0,1,2,0,1,0.0,1.0986122886681098,-0.209,-0.10472,0.45219999999999994,-0.3981965105601469
stack:dropguard:0,peek,1,0,0,1,0,1,0,1,0,1,0,1,0.0,0.1,0.0,0.22,0.0,0.3,0.0,0.6835016835016836,0.0,0.48,2,4,1,1,0.6931471805599453,1.6094379124341003,0.066,0.1056,0.144,0.32808080808080814
stack:dropguard:0,is_balanced,1,1,0,1,0,1,0,1,0,1,1,0,0.0,0.1,0.0,0.22,0.0,0.3,0.0,0.2970168612191959,0.822,0.0,6,11,4,1,1.791759469228055,2.4849066497880004,0.066,-0.18084,-0.24659999999999999,-0.24414785992217902
stack:dropguard:1,make_stack,1,0,0,1,0,1,0,1,0,1,0,1,0.0,0.1,0.0,0.22,0.0,0.3,0.0,0.8709073900841908,0.0,0.488,1,2,0,0,0.0,1.0986122886681098,0.066,0.10736,0.1464,0.4250028063610851
stack:dropguard:1,push,1,0,0,1,0,1,0,1,0,1,0,1,0.0,0.1,0.0,0.22,0.0,0.3,0.0,0.784121320249777,0.0,0.556,1,3,0,2,0.0,1.3862943611198906,0.066,0.12232000000000001,0.1668,0.43597145405887605
stack:dropguard:1,pop,1,0,0,1,0,1,0,1,0,1,1,0,0.0,0.1,0.0,0.22,0.0,0.3,0.0,0.6835016835016836,0.582,0.0,2,4,1,1,0.6931471805599453,1.6094379124341003,0.066,-0.12804,-0.17459999999999998,-0.3977979797979798
stack:dropguard:1,peek,0,0,0,1,0,1,1,0,0,1,0,1,0.0,0.1,0.0,0.22,0.95,0.0,0.0,0.8365472910927456,0.0,0.586,1,2,0,1,0.0,1.0986122886681098,-0.209,0.12892,-0.5567,0.4902167125803489
stack:dropguard:1,is_balanced,1,0,0,1,0,1,1,0,0,1,1,0,0.0,0.1,0.0,0.22,0.374,0.0,0.0,0.2970168612191959,0.822,0.0,6,11,4,1,1.791759469228055,2.4849066497880004,-0.08228,-0.18084,0.307428,-0.24414785992217902
stack:dropguard:2,make_stack,1,0,0,1,0,1,0,1,0,1,0,1,0.0,0.1,0.0,0.22,0.0,0.3,0.0,0.8709073900841908,0.0,0.488,1,2,0,0,0.0,1.0986122886681098,0.066,0.10736,0.1464,0.4250028063610851
stack:dropguard:2,push,1,0,0,1,0,1,0,1,0,1,0,1,0.0,0.1,0.0,0.22,0.0,0.3,0.0,0.784121320249777,0.0,0.556,1,3,0,2,0.0,1.3862943611198906,0.066,0.12232000000000001,0.1668,0.43597145405887605
stack:dropguard:2,pop,1,0,0,1,0,1,0,1,0,1,1,0,0.0,0.1,0.0,0.22,0.0,0.3,0.0,0.6835016835016836,0.582,0.0,2,4,1,1,0.6931471805599453,1.6094379124341003,0.066,-0.12804,-0.17459999999999998,-0.3977979797979798
stack:dropguard:2,peek,1,0,0,1,0,1,0,1,0,1,0,1,0.0,0.1,0.0,0.22,0.0,0.3,0.0,0.6835016835016836,0.0,0.48,2,4,1,1,0.6931471805599453,1.6094379124341003,0.066,0.1056,0.144,0.32808080808080814
stack:dropguard:2,is_balanced,0,0,0,1,0,1,1,0,0,1,1,0,0.0,0.1,0.0,0.22,0.95,0.0,0.0,0.4306151645207439,0.732,0.0,4,9,3,1,1.3862943611198906,2.302585092994046,-0.209,-0.16104,0.6953999999999999,-0.3152103004291845
graph:offbyone:0,make_graph,1,0,0,1,0,1,0,1,0,1,0,1,0.0,0.1,0.0,0.22,0.0,0.3,0.0,0.8709073900841908,0.0,0.488,1,2,0,0,0.0,1.0986122886681098,0.066,0.10736,0.1464,0.4250028063610851
graph:offbyone:0,add_edge,1,0,0,1,0,1,0,1,0,1,0,1,0.0,0.1,0.0,0.22,0.0,0.3,0.0,0.7346053772766694,0.0,0.556,1,4,0,3,0.0,1.6094379124341003,0.066,0.12232000000000001,0.1668,0.40844058976582825
graph:offbyone:0,neighbors,1,0,0,1,0,1,0,1,0,1,1,0,0.0,0.1,0.0,0.22,0.0,0.3,0.0,0.8034265103697025,0.476,0.0,1,2,0,2,0.0,1.0986122886681098,0.066,-0.10472,-0.14279999999999998,-0.38243101893597836
graph:offbyone:0,bfs,0,0,0,1,0,1,1,0,0,1,1,0,0.0,0.1,0.0,0.22,0.95,0.0,0.0,0.37551581843191206,0.564,0.0,4,12,3,2,1.3862943611198906,2.5649493574615367,-0.209,-0.12407999999999998,0.5357999999999999,-0.21179092159559837
graph:offbyone:0,has_path,1,1,0,1,0,1,1,0,0,1,1,0,0.0,0.1,0.0,0.22,0.435,0.0,0.0,0.7714791851195748,0.43,0.0,1,2,0,3,0.0,1.0986122886681098,-0.0957,-0.0946,0.18705,-0.33173604960141717
graph:swapargs:0,make_graph,1,0,0,1,0,1,0,1,0,1,0,1,0.0,0.1,0.0,0.22,0.0,0.3,0.0,0.8709073900841908,0.0,0.488,1,2,0,0,0.0,1.0986122886681098,0.066,0.10736,0.1464,0.4250028063610851
graph:swapargs:0,add_edge,0,0,0,1,0,1,1,0,0,1,0,1,0.0,0.1,0.0,0.22,0.95,0.0,0.0,0.7346053772766694,0.0,0.556,1,4,0,3,0.0,1.6094379124341003,-0.209,0.12232000000000001,-0.5282,0.40844058976582825
graph:swapargs:0,neighbors,1,0,0,1,0,1,0,1,0,1,1,0,0.0,0.1,0.0,0.22,0.0,0.3,0.0,0.8034265103697025,0.476,0.0,1,2,0,2,0.0,1.0986122886681098,0.066,-0.10472,-0.14279999999999998,-0.38243101893597836
graph:swapargs:0,bfs,1,0,0,1,0,1,0,1,0,1,1,0,0.0,0.1,0.0,0.22,0.0,0.3,0.0,0.37551581843191206,0.564,0.0,4,12,3,2,1.3862943611198906,2.5649493574615367,0.066,-0.12407999999999998,-0.1692,-0.21179092159559837
graph:swapargs:0,has_path,1,0,0,1,0,1,0,1,0,1,1,0,0.0,0.1,0.0,0.22,0.0,0.3,0.0,0.7714791851195748,0.43,0.0,1,2,0,3,0.0,1.0986122886681098,0.066,-0.0946,-0.129,-0.33173604960141717
graph:swapargs:1,make_graph,1,0,0,1,0,1,0,1,0,1,0,1,0.0,0.1,0.0,0.22,0.0,0.3,0.0,0.8709073900841908,0.0,0.488,1,2,0,0,0.0,1.0986122886681098,0.066,0.10736,0.1464,0.4250028063610851
graph:swapargs:1,add_edge,0,0,0,1,0,1,1,0,0,1,0,1,0.0,0.1,0.0,0.22,0.95,0.0,0.0,0.7346053772766694,0.0,0.556,1,4,0,3,0.0,1.6094379124341003,-0.209,0.12232000000000001,-0.5282,0.40844058976582825
graph:swapargs:1,neighbors,1,0,0,1,0,1,0,1,0,1,1,0,0.0,0.1,0.0,0.22,0.0,0.3,0.0,0.8034265103697025,0.476,0.0,1,2,0,2,0.0,1.0986122886681098,0.066,-0.10472,-0.14279999999999998,-0.38243101893597836
graph:swapargs:1,bfs,1,0,0,1,0,1,0,1,0,1,1,0,0.0,0.1,0.0,0.22,0.0,0.3,0.0,0.37551581843191206,0.564,0.0,4,12,3,2,1.3862943611198906,2.5649493574615367,0.066,-0.12407999999999998,-0.1692,-0.21179092159559837
graph:swapargs:1,has_path,1,0,0,1,0,1,0,1,0,1,1,0,0.0,0.1,0.0,0.22,0.0,0.3,0.0,0.7714791851195748,0.43,0.0,1,2,0,3,0.0,1.0986122886681098,0.066,-0.0946,-0.129,-0.33173604960141717
graph:swapargs:2,make_graph,1,0,0,1,0,1,0,1,0,1,0,1,0.0,0.1,0.0,0.22,0.0,0.3,0.0,0.8709073900841908,0.0,0.488,1,2,0,0,0.0,1.0986122886681098,0.066,0.10736,0.1464,0.4250028063610851
graph:swapargs:2,add_edge,1,0,0,1,0,1,0,1,0,1,0,1,0.0,0.1,0.0,0.22,0.0,0.3,0.0,0.7346053772766694,0.0,0.556,1,4,0,3,0.0,1.6094379124341003,0.066,0.12232000000000001,0.1668,0.40844058976582825
graph:swapargs:2,neighbors,0,0,0,1,0,1,1,0,0,1,1,0,0.0,0.1,0.0,0.22,0.95,0.0,0.0,0.8034265103697025,0.476,0.0,1,2,0,2,0.0,1.0986122886681098,-0.209,-0.10472,0.45219999999999994,-0.38243101893597836
graph:swapargs:2,bfs,1,1,0,1,0,1,1,0,0,1,1,0,0.0,0.1,0.0,0.22,0.621,0.0,0.0,0.37551581843191206,0.564,0.0,4,12,3,2,1.3862943611198906,2.5649493574615367,-0.13662,-0.12407999999999998,0.35024399999999994,-0.21179092159559837
graph:swapargs:2,has_path,1,1,0,1,0,1,1,0,0,1,1,0,0.0,0.1,0.0,0.22,0.332,0.0,0.0,0.7714791851195748,0.43,0.0,1,2,0,3,0.0,1.0986122886681098,-0.07304000000000001,-0.0946,0.14276,-0.33173604960141717
graph:swapargs:3,make_graph,1,0,0,1,0,1,0,1,0,1,0,1,0.0,0.1,0.0,0.22,0.0,0.3,0.0,0.8709073900841908,0.0,0.488,1,2,0,0,0.0,1.0986122886681098,0.066,0.10736,0.1464,0.4250028063610851
graph:swapargs:3,add_edge,1,0,0,1,0,1,0,1,0,1,0,1,0.0,0.1,0.0,0.22,0.0,0.3,0.0,0.7346053772766694,0.0,0.556,1,4,0,3,0.0,1.6094379124341003,0.066,0.12232000000000001,0.1668,0.40844058976582825
graph:swapargs:3,neighbors,1,0,0,1,0,1,1,0,0,1,1,0,0.0,0.1,0.0,0.22,0.95,0.0,0.0,0.8034265103697025,0.476,0.0,1,2,0,2,0.0,1.0986122886681098,-0.209,-0.10472,0.45219999999999994,-0.38243101893597836
graph:swapargs:3,bfs,0,0,0,1,0,1,1,0,0,1,1,0,0.0,0.1,0.0,0.22,0.744,0.0,0.0,0.37551581843191206,0.564,0.0,4,12,3,2,1.3862943611198906,2.5649493574615367,-0.16368,-0.12407999999999998,0.41961599999999993,-0.21179092159559837
graph:swapargs:3,has_path,1,1,0,1,0,1,1,0,0,1,1,0,0.0,0.1,0.0,0.22,0.435,0.0,0.0,0.7714791851195748,0.43,0.0,1,2,0,3,0.0,1.0986122886681098,-0.0957,-0.0946,0.18705,-0.33173604960141717
interval:boundary:1,overlaps,0,0,0,1,0,1,1,0,0,1,0,1,0.0,0.1,0.0,0.22,0.95,0.0,0.0,0.733102253032929,0.0,0.488,2,2,0,2,0.6931471805599453,1.0986122886681098,-0.209,0.10736,-0.46359999999999996,0.3577538994800693
interval:boundary:1,merge,1,1,0,1,0,1,0,1,0,1,0,1,0.0,0.1,0.0,0.22,0.0,0.3,0.0,0.6556291390728477,0.0,0.448,2,4,1,2,0.6931471805599453,1.6094379124341003,0.066,0.09856000000000001,0.1344,0.29372185430463577
interval:boundary:1,contains,1,0,0,1,0,1,0,1,0,1,1,0,0.0,0.1,0.0,0.22,0.0,0.3,0.0,0.8034265103697025,0.476,0.0,1,2,0,2,0.0,1.0986122886681098,0.066,-0.10472,-0.14279999999999998,-0.38243101893597836
interval:boundary:1,length,1,0,0,1,0,1,0,1,0,1,0,1,0.0,0.1,0.0,0.22,0.0,0.3,0.0,0.8365472910927456,0.0,0.586,1,2,0,1,0.0,1.0986122886681098,0.066,0.12892,0.17579999999999998,0.4902167125803489
interval:boundary:1,merge_all,1,1,0,1,0,1,0,1,0,1,1,0,0.0,0.1,0.0,0.22,0.0,0.3,0.0,0.43678160919540243,0.732,0.0,4,11,2,1,1.3862943611198906,2.4849066497880004,0.066,-0.16104,-0.2196,-0.31972413793103455
interval:arithmetic:0,overlaps,1,0,0,1,0,1,0,1,0,1,0,1,0.0,0.1,0.0,0.22,0.0,0.3,0.0,0.733102253032929,0.0,0.488,2,2,0,2,0.6931471805599453,1.0986122886681098,0.066,0.10736,0.1464,0.3577538994800693
interval:arithmetic:0,merge,1,0,0,1,0,1,0,1,0,1,0,1,0.0,0.1,0.0,0.22,0.0,0.3,0.0,0.6556291390728477,0.0,0.448,2,4,1,2,0.6931471805599453,1.6094379124341003,0.066,0.09856000000000001,0.1344,0.29372185430463577
interval:arithmetic:0,contains,1,0,0,1,0,1,0,1,0,1,1,0,0.0,0.1,0.0,0.22,0.0,0.3,0.0,0.8034265103697025,0.476,0.0,1,2,0,2,0.0,1.0986122886681098,0.066,-0.10472,-0.14279999999999998,-0.38243101893597836
interval:arithmetic:0,length,0,0,0,1,0,1,0,1,0,1,0,1,0.0,0.1,0.0,0.22,0.0,0.3,0.0,0.8365472910927456,0.0,0.586,1,2,0,1,0.0,1.0986122886681098,0.066,0.12892,0.17579999999999998,0.4902167125803489
interval:arithmetic:0,merge_all,1,0,0,1,0,1,1,0,0,1,1,0,0.0,0.1,0.0,0.22,0.95,0.0,0.0,0.43678160919540243,0.732,0.0,4,11,2,1,1.3862943611198906,2.4849066497880004,-0.209,-0.16104,0.6953999999999999,-0.31972413793103455
interval:offbyone:0,overlaps,0,0,0,1,0,1,0,1,0,1,0,1,0.0,0.1,0.0,0.22,0.0,0.3,0.0,0.733102253032929,0.0,0.488,2,2,0,2,0.6931471805599453,1.0986122886681098,0.066,0.10736,0.1464,0.3577538994800693
interval:offbyone:0,merge,1,1,0,1,0,1,0,1,0,1,0,1,0.0,0.1,0.0,0.22,0.0,0.3,0.0,0.6556291390728477,0.0,0.448,2,4,1,2,0.6931471805599453,1.6094379124341003,0.066,0.09856000000000001,0.1344,0.29372185430463577
interval:offbyone:0,contains,1,0,0,1,0,1,0,1,0,1,1,0,0.0,0.1,0.0,0.22,0.0,0.3,0.0,0.8034265103697025,0.476,0.0,1,2,0,2,0.0,1.0986122886681098,0.066,-0.10472,-0.14279999999999998,-0.38243101893597836
interval:offbyone:0,length,1,0,0,1,0,1,0,1,0,1,0,1,0.0,0.1,0.0,0.22,0.0,0.3,0.0,0.8365472910927456,0.0,0.586,1,2,0,1,0.0,1.0986122886681098,0.066,0.12892,0.17579999999999998,0.4902167125803489
interval:offbyone:0,merge_all,1,1,0,1,0,1,1,0,0,1,1,0,0.0,0.1,0.0,0.22,0.95,0.0,0.0,0.43678160919540243,0.732,0.0,4,11,2,1,1.3862943611198906,2.4849066497880004,-0.209,-0.16104,0.6953999999999999,-0.31972413793103455
interval:offbyone:1,overlaps,0,0,0,1,0,1,1,0,0,1,0,1,0.0,0.1,0.0,0.22,0.95,0.0,0.0,0.733102253032929,0.0,0.488,2,2,0,2,0.6931471805599453,1.0986122886681098,-0.209,0.10736,-0.46359999999999996,0.3577538994800693
interval:offbyone:1,merge,1,1,0,1,0,1,1,0,0,1,0,1,0.0,0.1,0.0,0.22,0.415,0.0,0.0,0.6556291390728477,0.0,0.448,2,4,1,2,0.6931471805599453,1.6094379124341003,-0.09129999999999999,0.09856000000000001,-0.18592,0.29372185430463577
interval:offbyone:1,contains,1,0,0,1,0,1,0,1,0,1,1,0,0.0,0.1,0.0,0.22,0.0,0.3,0.0,0.8034265103697025,0.476,0.0,1,2,0,2,0.0,1.0986122886681098,0.066,-0.10472,-0.14279999999999998,-0.38243101893597836
interval:offbyone:1,length,1,0,0,1,0,1,0,1,0,1,0,1,0.0,0.1,0.0,0.22,0.0,0.3,0.0,0.8365472910927456,0.0,0.586,1,2,0,1,0.0,1.0986122886681098,0.066,0.12892,0.17579999999999998,0.4902167125803489
interval:offbyone:1,merge_all,1,1,0,1,0,1,1,0,0,1,1,0,0.0,0.1,0.0,0.22,0.332,0.0,0.0,0.43678160919540243,0.732,0.0,4,11,2,1,1.3862943611198906,2.4849066497880004,-0.07304000000000001,-0.16104,0.24302400000000002,-0.31972413793103455
interval:offbyone:2,overlaps,0,0,0,1,0,1,0,1,0,1,0,1,0.0,0.1,0.0,0.22,0.0,0.3,0.0,0.733102253032929,0.0,0.488,2,2,0,2,0.6931471805599453,1.0986122886681098,0.066,0.10736,0.1464,0.3577538994800693
interval:offbyone:2,merge,1,1,0,1,0,1,1,0,0,1,0,1,0.0,0.1,0.0,0.22,0.95,0.0,0.0,0.6556291390728477,0.0,0.448,2,4,1,2,0.6931471805599453,1.6094379124341003,-0.209,0.09856000000000001,-0.4256,0.29372185430463577
interval:offbyone:2,contains,1,0,0,1,0,1,0,1,0,1,1,0,0.0,0.1,0.0,0.22,0.0,0.3,0.0,0.8034265103697025,0.476,0.0,1,2,0,2,0.0,1.0986122886681098,0.066,-0.10472,-0.14279999999999998,-0.38243101893597836
interval:offbyone:2,length,1,0,0,1,0,1,1,0,0,1,0,1,0.0,0.1,0.0,0.22,0.95,0.0,0.0,0.8365472910927456,0.0,0.586,1,2,0,1,0.0,1.0986122886681098,-0.209,0.12892,-0.5567,0.4902167125803489
interval:offbyone:2,merge_all,1,1,0,1,0,1,1,0,0,1,1,0,0.0,0.1,0.0,0.22,0.785,0.0,0.0,0.43678160919540243,0.732,0.0,4,11,2,1,1.3862943611198906,2.4849066497880004,-0.17270000000000002,-0.16104,0.57462,-0.31972413793103455
interval:offbyone:3,overlaps,0,0,0,1,0,1,1,0,0,1,0,1,0.0,0.1,0.0,0.22,0.95,0.0,0.0,0.733102253032929,0.0,0.488,2,2,0,2,0.6931471805599453,1.0986122886681098,-0.209,0.10736,-0.46359999999999996,0.3577538994800693
interval:offbyone:3,merge,1,1,0,1,0,1,1,0,0,1,0,1,0.0,0.1,0.0,0.22,0.415,0.0,0.0,0.6556291390728477,0.0,0.448,2,4,1,2,0.6931471805599453,1.6094379124341003,-0.09129999999999999,0.09856000000000001,-0.18592,0.29372185430463577
interval:offbyone:3,contains,1,0,0,1,0,1,0,1,0,1,1,0,0.0,0.1,0.0,0.22,0.0,0.3,0.0,0.8034265103697025,0.476,0.0,1,2,0,2,0.0,1.0986122886681098,0.066,-0.10472,-0.14279999999999998,-0.38243101893597836
interval:offbyone:3,length,1,0,0,1,0,1,0,1,0,1,0,1,0.0,0.1,0.0,0.22,0.0,0.3,0.0,0.8365472910927456,0.0,0.586,1,2,0,1,0.0,1.0986122886681098,0.066,0.12892,0.17579999999999998,0.4902167125803489
interval:offbyone:3,merge_all,1,1,0,1,0,1,1,0,0,1,1,0,0.0,0.1,0.0,0.22,0.332,0.0,0.0,0.43678160919540243,0.732,0.0,4,11,2,1,1.3862943611198906,2.4849066497880004,-0.07304000000000001,-0.16104,0.24302400000000002,-0.31972413793103455
interval:dropguard:0,overlaps,1,0,0,1,0,1,0,1,0,1,0,1,0.0,0.1,0.0,0.22,0.0,0.3,0.0,0.733102253032929,0.0,0.488,2,2,0,2,0.6931471805599453,1.0986122886681098,0.066,0.10736,0.1464,0.3577538994800693
interval:dropguard:0,merge,0,0,0,1,0,1,0,1,0,1,0,1,0.0,0.1,0.0,0.22,0.0,0.3,0.0,0.8034265103697025,0.0,0.556,1,2,0,2,0.0,1.0986122886681098,0.066,0.12232000000000001,0.1668,0.4467051397655546
interval:dropguard:0,contains,1,0,0,1,0,1,0,1,0,1,1,0,0.0,0.1,0.0,0.22,0.0,0.3,0.0,0.8034265103697025,0.476,0.0,1,2,0,2,0.0,1.0986122886681098,0.066,-0.10472,-0.14279999999999998,-0.38243101893597836
interval:dropguard:0,length,1,0,0,1,0,1,0,1,0,1,0,1,0.0,0.1,0.0,0.22,0.0,0.3,0.0,0.8365472910927456,0.0,0.586,1,2,0,1,0.0,1.0986122886681098,0.066,0.12892,0.17579999999999998,0.4902167125803489
interval:dropguard:0,merge_all,1,1,0,1,0,1,1,0,0,1,1,0,0.0,0.1,0.0,0.22,0.95,0.0,0.0,0.43678160919540243,0.732,0.0,4,11,2,1,1.3862943611198906,2.4849066497880004,-0.209,-0.16104,0.6953999999999999,-0.31972413793103455
interval:dropguard:1,overlaps,1,0,0,1,0,1,0,1,0,1,0,1,0.0,0.1,0.0,0.22,0.0,0.3,0.0,0.733102253032929,0.0,0.488,2,2,0,2,0.6931471805599453,1.0986122886681098,0.066,0.10736,0.1464,0.3577538994800693
interval:dropguard:1,merge,1,0,0,1,0,1,0,1,0,1,0,1,0.0,0.1,0.0,0.22,0.0,0.3,0.0,0.6556291390728477,0.0,0.448,2,4,1,2,0.6931471805599453,1.6094379124341003,0.066,0.09856000000000001,0.1344,0.29372185430463577
interval:dropguard:1,contains,1,0,0,1,0,1,0,1,0,1,1,0,0.0,0.1,0.0,0.22,0.0,0.3,0.0,0.8034265103697025,0.476,0.0,1,2,0,2,0.0,1.0986122886681098,0.066,-0.10472,-0.14279999999999998,-0.38243101893597836
interval:dropguard:1,length,1,0,0,1,0,1,0,1,0,1,0,1,0.0,0.1,0.0,0.22,0.0,0.3,0.0,0.8365472910927456,0.0,0.586,1,2,0,1,0.0,1.0986122886681098,0.066,0.12892,0.17579999999999998,0.4902167125803489
interval:dropguard:1,merge_all,0,0,0,1,0,1,1,0,0,1,1,0,0.0,0.1,0.0,0.22,0.95,0.0,0.0,0.5117157974300832,0.638,0.0,3,9,2,1,1.0986122886681098,2.302585092994046,-0.209,-0.14036,0.6061,-0.3264746787603931
cache:boundary:0,make_cache,1,0,0,1,0,1,1,0,0,1,0,1,0.0,0.1,0.0,0.22,0.95,0.0,0.0,0.8365472910927456,0.0,0.488,1,2,0,1,0.0,1.0986122886681098,-0.209,0.10736,-0.46359999999999996,0.40823507805325987
cache:boundary:0,cache_get,1,0,0,1,0,1,1,0,0,1,0,1,0.0,0.1,0.0,0.22,0.95,0.0,0.0,0.6233766233766234,0.0,0.448,2,6,1,2,0.6931471805599453,1.9459101490553132,-0.209,0.09856000000000001,-0.4256,0.2792727272727273
cache:boundary:0,cache_put,0,0,0,1,0,1,1,0,0,1,1,0,0.0,0.1,0.0,0.22,0.95,0.0,0.0,0.48038490007401924,0.68,0.0,3,8,2,3,1.0986122886681098,2.1972245773362196,-0.209,-0.1496,0.646,-0.3266617320503331
cache:boundary:0,cache_size,1,0,0,1,0,1,0,1,0,1,0,1,0.0,0.1,0.0,0.22,0.0,0.3,0.0,0.8365472910927456,0.0,0.586,1,2,0,1,0.0,1.0986122886681098,0.066,0.12892,0.17579999999999998,0.4902167125803489
cache:boundary:0,cache_keys,1,0,0,1,0,1,0,1,0,1,1,0,0.0,0.1,0.0,0.22,0.0,0.3,0.0,0.8365472910927456,0.43,0.0,1,2,0,1,0.0,1.0986122886681098,0.066,-0.0946,-0.129,-0.35971533516988063
cache:offbyone:0,make_cache,1,0,0,1,0,1,1,0,0,1,0,1,0.0,0.1,0.0,0.22,0.95,0.0,0.0,0.8365472910927456,0.0,0.488,1,2,0,1,0.0,1.0986122886681098,-0.209,0.10736,-0.46359999999999996,0.40823507805325987
cache:offbyone:0,cache_get,1,0,0,1,0,1,1,0,0,1,0,1,0.0,0.1,0.0,0.22,0.95,0.0,0.0,0.6233766233766234,0.0,0.448,2,6,1,2,0.6931471805599453,1.9459101490553132,-0.209,0.09856000000000001,-0.4256,0.2792727272727273
cache:offbyone:0,cache_put,0,0,0,1,0,1,1,0,0,1,1,0,0.0,0.1,0.0,0.22,0.95,0.0,0.0,0.48038490007401924,0.68,0.0,3,8,2,3,1.0986122886681098,2.1972245773362196,-0.209,-0.1496,0.646,-0.3266617320503331
cache:offbyone:0,cache_size,1,0,0,1,0,1,0,1,0,1,0,1,0.0,0.1,0.0,0.22,0.0,0.3,0.0,0.8365472910927456,0.0,0.586,1,2,0,1,0.0,1.0986122886681098,0.066,0.12892,0.17579999999999998,0.4902167125803489
cache:offbyone:0,cache_keys,1,0,0,1,0,1,0,1,0,1,1,0,0.0,0.1,0.0,0.22,0.0,0.3,0.0,0.8365472910927456,0.43,0.0,1,2,0,1,0.0,1.0986122886681098,0.066,-0.0946,-0.129,-0.35971533516988063
cache:dropguard:0,make_cache,1,0,0,1,0,1,0,1,0,1,0,1,0.0,0.1,0.0,0.22,0.0,0.3,0.0,0.8365472910927456,0.0,0.488,1,2,0,1,0.0,1.0986122886681098,0.066,0.10736,0.1464,0.40823507805325987
cache:dropguard:0,cache_get,0,0,0,1,0,1,1,0,0,1,0,1,0.0,0.1,0.0,0.22,0.95,0.0,0.0,0.7652250661959399,0.0,0.556,1,4,0,2,0.0,1.6094379124341003,-0.209,0.12232000000000001,-0.5282,0.42546513680494263
cache:dropguard:0,cache_put,1,0,0,1,0,1,0,1,0,1,1,0,0.0,0.1,0.0,0.22,0.0,0.3,0.0,0.48038490007401924,0.68,0.0,3,8,2,3,1.0986122886681098,2.1972245773362196,0.066,-0.1496,-0.20400000000000001,-0.3266617320503331
cache:dropguard:0,cache_size,1,0,0,1,0,1,0,1,0,1,0,1,0.0,0.1,0.0,0.22,0.0,0.3,0.0,0.8365472910927456,0.0,0.586,1,2,0,1,0.0,1.0986122886681098,0.066,0.12892,0.17579999999999998,0.4902167125803489
cache:dropguard:0,cache_keys,1,0,0,1,0,1,0,1,0,1,1,0,0.0,0.1,0.0,0.22,0.0,0.3,0.0,0.8365472910927456,0.43,0.0,1,2,0,1,0.0,1.0986122886681098,0.066,-0.0946,-0.129,-0.35971533516988063
sorting:boundary:0,merge,0,0,0,1,0,1,1,0,0,1,1,0,0.0,0.1,0.0,0.22,0.95,0.0,0.0,0.392757660167131,0.558,0.0,4,13,2,2,1.3862943611198906,2.6390573296152584,-0.209,-0.12276000000000001,0.5301,-0.21915877437325912
sorting:boundary:0,merge_sort,1,1,0,1,0,1,1,0,0,1,0,1,0.0,0.1,0.0,0.22,0.538,0.0,0.0,0.6666666666666667,0.0,0.448,2,5,1,1,0.6931471805599453,1.791759469228055,-0.11836,0.09856000000000001,-0.24102400000000002,0.2986666666666667
sorting:boundary:0,is_sorted,1,0,0,1,0,1,0,1,0,1,1,0,0.0,0.1,0.0,0.22,0.0,0.3,0.0,0.7636684303350971,0.582,0.0,2,2,0,1,0.6931471805599453,1.0986122886681098,0.066,-0.12804,-0.17459999999999998,-0.4444550264550265
sorting:boundary:0,rank,1,1,0,1,0,1,1,0,0,1,1,0,0.0,0.1,0.0,0.22,0.332,0.0,0.0,0.7271157167530227,0.458,0.0,2,4,0,1,0.6931471805599453,1.6094379124341003,-0.07304000000000001,-0.10076,0.15205600000000002,-0.3330189982728844
sorting:boundary:1,merge,0,0,0,1,0,1,1,0,0,1,1,0,0.0,0.1,0.0,0.22,0.95,0.0,0.0,0.392757660167131,0.558,0.0,4,13,2,2,1.3862943611198906,2.6390573296152584,-0.209,-0.12276000000000001,0.5301,-0.21915877437325912
sorting:boundary:1,merge_sort,1,1,0,1,0,1,1,0,0,1,0,1,0.0,0.1,0.0,0.22,0.538,0.0,0.0,0.6666666666666667,0.0,0.448,2,5,1,1,0.6931471805599453,1.791759469228055,-0.11836,0.09856000000000001,-0.24102400000000002,0.2986666666666667
sorting:boundary:1,is_sorted,1,0,0,1,0,1,0,1,0,1,1,0,0.0,0.1,0.0,0.22,0.0,0.3,0.0,0.7636684303350971,0.582,0.0,2,2,0,1,0.6931471805599453,1.0986122886681098,0.066,-0.12804,-0.17459999999999998,-0.4444550264550265
sorting:boundary:1,rank,1,1,0,1,0,1,1,0,0,1,1,0,0.0,0.1,0.0,0.22,0.332,0.0,0.0,0.7271157167530227,0.458,0.0,2,4,0,1,0.6931471805599453,1.6094379124341003,-0.07304000000000001,-0.10076,0.15205600000000002,-0.3330189982728844
sorting:boundary:3,merge,1,0,0,1,0,1,1,0,0,1,1,0,0.0,0.1,0.0,0.22,0.25,0.0,0.0,0.392757660167131,0.558,0.0,4,13,2,2,1.3862943611198906,2.6390573296152584,-0.055,-0.12276000000000001,0.1395,-0.21915877437325912
sorting:boundary:3,merge_sort,0,0,0,1,0,1,1,0,0,1,0,1,0.0,0.1,0.0,0.22,0.95,0.0,0.0,0.6666666666666667,0.0,0.448,2,5,1,1,0.6931471805599453,1.791759469228055,-0.209,0.09856000000000001,-0.4256,0.2986666666666667
sorting:boundary:3,is_sorted,1,0,0,1,0,1,0,1,0,1,1,0,0.0,0.1,0.0,0.22,0.0,0.3,0.0,0.7636684303350971,0.582,0.0,2,2,0,1,0.6931471805599453,1.0986122886681098,0.066,-0.12804,-0.17459999999999998,-0.4444550264550265
sorting:boundary:3,rank,1,1,0,1,0,1,1,0,0,1,1,0,0.0,0.1,0.0,0.22,0.435,0.0,0.0,0.7271157167530227,0.458,0.0,2,4,0,1,0.6931471805599453,1.6094379124341003,-0.0957,-0.10076,0.19923000000000002,-0.3330189982728844
sorting:arithmetic:0,merge,1,0,0,1,0,1,1,0,0,1,1,0,0.0,0.1,0.0,0.22,0.25,0.0,0.0,0.392757660167131,0.558,0.0,4,13,2,2,1.3862943611198906,2.6390573296152584,-0.055,-0.12276000000000001,0.1395,-0.21915877437325912
sorting:arithmetic:0,merge_sort,0,0,0,1,0,1,1,0,0,1,0,1,0.0,0.1,0.0,0.22,0.95,0.0,0.0,0.6666666666666667,0.0,0.448,2,5,1,1,0.6931471805599453,1.791759469228055,-0.209,0.09856000000000001,-0.4256,0.2986666666666667
sorting:arithmetic:0,is_sorted,1,0,0,1,0,1,0,1,0,1,1,0,0.0,0.1,0.0,0.22,0.0,0.3,0.0,0.7636684303350971,0.582,0.0,2,2,0,1,0.6931471805599453,1.0986122886681098,0.066,-0.12804,-0.17459999999999998,-0.4444550264550265
sorting:arithmetic:0,rank,1,1,0,1,0,1,1,0,0,1,1,0,0.0,0.1,0.0,0.22,0.435,0.0,0.0,0.7271157167530227,0.458,0.0,2,4,0,1,0.6931471805599453,1.6094379124341003,-0.0957,-0.10076,0.19923000000000002,-0.3330189982728844
sorting:arithmetic:1,merge,1,0,0,1,0,1,0,1,0,1,1,0,0.0,0.1,0.0,0.22,0.0,0.3,0.0,0.392757660167131,0.558,0.0,4,13,2,2,1.3862943611198906,2.6390573296152584,0.066,-0.12276000000000001,-0.16740000000000002,-0.21915877437325912
sorting:arithmetic:1,merge_sort,1,0,0,1,0,1,1,0,0,1,0,1,0.0,0.1,0.0,0.22,0.95,0.0,0.0,0.6666666666666667,0.0,0.448,2,5,1,1,0.6931471805599453,1.791759469228055,-0.209,0.09856000000000001,-0.4256,0.2986666666666667
sorting:arithmetic:1,is_sorted,0,0,0,1,0,1,0,1,0,1,1,0,0.0,0.1,0.0,0.22,0.0,0.3,0.0,0.7636684303350971,0.582,0.0,2,2,0,1,0.6931471805599453,1.0986122886681098,0.066,-0.12804,-0.17459999999999998,-0.4444550264550265
sorting:arithmetic:1,rank,1,0,0,1,0,1,0,1,0,1,1,0,0.0,0.1,0.0,0.22,0.0,0.3,0.0,0.7271157167530227,0.458,0.0,2,4,0,1,0.6931471805599453,1.6094379124341003,0.066,-0.10076,-0.1374,-0.3330189982728844
sorting:arithmetic:2,merge,1,0,0,1,0,1,0,1,0,1,1,0,0.0,0.1,0.0,0.22,0.0,0.3,0.0,0.392757660167131,0.558,0.0,4,13,2,2,1.3862943611198906,2.6390573296152584,0.066,-0.12276000000000001,-0.16740000000000002,-0.21915877437325912
sorting:arithmetic:2,merge_sort,1,0,0,1,0,1,1,0,0,1,0,1,0.0,0.1,0.0,0.22,0.374,0.0,0.0,0.6666666666666667,0.0,0.448,2,5,1,1,0.6931471805599453,1.791759469228055,-0.08228,0.09856000000000001,-0.167552,0.2986666666666667
sorting:arithmetic:2,is_sorted,0,0,0,1,0,1,1,0,0,1,1,0,0.0,0.1,0.0,0.22,0.95,0.0,0.0,0.7636684303350971,0.582,0.0,2,2,0,1,0.6931471805599453,1.0986122886681098,-0.209,-0.12804,0.5529,-0.4444550264550265
sorting:arithmetic:2,rank,1,0,0,1,0,1,0,1,0,1,1,0,0.0,0.1,0.0,0.22,0.0,0.3,0.0,0.7271157167530227,0.458,0.0,2,4,0,1,0.6931471805599453,1.6094379124341003,0.066,-0.10076,-0.1374,-0.3330189982728844
sorting:offbyone:0,merge,0,0,0,1,0,1,1,0,0,1,1,0,0.0,0.1,0.0,0.22,0.95,0.0,0.0,0.392757660167131,0.558,0.0,4,13,2,2,1.3862943611198906,2.6390573296152584,-0.209,-0.12276000000000001,0.5301,-0.21915877437325912
sorting:offbyone:0,merge_sort,1,1,0,1,0,1,0,1,0,1,0,1,0.0,0.1,0.0,0.22,0.0,0.3,0.0,0.6666666666666667,0.0,0.448,2,5,1,1,0.6931471805599453,1.791759469228055,0.066,0.09856000000000001,0.1344,0.2986666666666667
sorting:offbyone:0,is_sorted,1,0,0,1,0,1,0,1,0,1,1,0,0.0,0.1,0.0,0.22,0.0,0.3,0.0,0.7636684303350971,0.582,0.0,2,2,0,1,0.6931471805599453,1.0986122886681098,0.066,-0.12804,-0.17459999999999998,-0.4444550264550265
sorting:offbyone:0,rank,1,1,0,1,0,1,1,0,0,1,1,0,0.0,0.1,0.0,0.22,0.538,0.0,0.0,0.7271157167530227,0.458,0.0,2,4,0,1,0.6931471805599453,1.6094379124341003,-0.11836,-0.10076,0.246404,-0.3330189982728844
sorting:offbyone:1,merge,0,0,0,1,0,1,1,0,0,1,1,0,0.0,0.1,0.0,0.22,0.95,0.0,0.0,0.392757660167131,0.558,0.0,4,13,2,2,1.3862943611198906,2.6390573296152584,-0.209,-0.12276000000000001,0.5301,-0.21915877437325912
sorting:offbyone:1,merge_sort,1,1,0,1,0,1,0,1,0,1,0,1,0.0,0.1,0.0,0.22,0.0,0.3,0.0,0.6666666666666667,0.0,0.448,2,5,1,1,0.6931471805599453,1.791759469228055,0.066,0.09856000000000001,0.1344,0.2986666666666667
sorting:offbyone:1,is_sorted,1,0,0,1,0,1,0,1,0,1,1,0,0.0,0.1,0.0,0.22,0.0,0.3,0.0,0.7636684303350971,0.582,0.0,2,2,0,1,0.6931471805599453,1.0986122886681098,0.066,-0.12804,-0.17459999999999998,-0.4444550264550265
sorting:offbyone:1,rank,1,1,0,1,0,1,0,1,0,1,1,0,0.0,0.1,0.0,0.22,0.0,0.3,0.0,0.7271157167530227,0.458,0.0,2,4,0,1,0.6931471805599453,1.6094379124341003,0.066,-0.10076,-0.1374,-0.3330189982728844
sorting:offbyone:2,merge,0,0,0,1,0,1,1,0,0,1,1,0,0.0,0.1,0.0,0.22,0.95,0.0,0.0,0.392757660167131,0.558,0.0,4,13,2,2,1.3862943611198906,2.6390573296152584,-0.209,-0.12276000000000001,0.5301,-0.21915877437325912
sorting:offbyone:2,merge_sort,1,1,0,1,0,1,0,1,0,1,0,1,0.0,0.1,0.0,0.22,0.0,0.3,0.0,0.6666666666666667,0.0,0.448,2,5,1,1,0.6931471805599453,1.791759469228055,0.066,0.09856000000000001,0.1344,0.2986666666666667
sorting:offbyone:2,is_sorted,1,0,0,1,0,1,0,1,0,1,1,0,0.0,0.1,0.0,0.22,0.0,0.3,0.0,0.7636684303350971,0.582,0.0,2,2,0,1,0.6931471805599453,1.0986122886681098,0.066,-0.12804,-0.17459999999999998,-0.4444550264550265
sorting:offbyone:2,rank,1,1,0,1,0,1,1,0,0,1,1,0,0.0,0.1,0.0,0.22,0.538,0.0,0.0,0.7271157167530227,0.458,0.0,2,4,0,1,0.6931471805599453,1.6094379124341003,-0.11836,-0.10076,0.246404,-0.3330189982728844
sorting:offbyone:3,merge,1,0,0,1,0,1,1,0,0,1,1,0,0.0,0.1,0.0,0.22,0.95,0.0,0.0,0.392757660167131,0.558,0.0,4,13,2,2,1.3862943611198906,2.6390573296152584,-0.209,-0.12276000000000001,0.5301,-0.21915877437325912
sorting:offbyone:3,merge_sort,0,0,0,1,0,1,0,1,0,1,0,1,0.0,0.1,0.0,0.22,0.0,0.3,0.0,0.6666666666666667,0.0,0.448,2,5,1,1,0.6931471805599453,1.791759469228055,0.066,0.09856000000000001,0.1344,0.2986666666666667
sorting:offbyone:3,is_sorted,1,0,0,1,0,1,0,1,0,1,1,0,0.0,0.1,0.0,0.22,0.0,0.3,0.0,0.7636684303350971,0.582,0.0,2,2,0,1,0.6931471805599453,1.0986122886681098,0.066,-0.12804,-0.17459999999999998,-0.4444550264550265
sorting:offbyone:3,rank,1,1,0,1,0,1,0,1,0,1,1,0,0.0,0.1,0.0,0.22,0.0,0.3,0.0,0.7271157167530227,0.458,0.0,2,4,0,1,0.6931471805599453,1.6094379124341003,0.066,-0.10076,-0.1374,-0.3330189982728844
sorting:dropguard:0,merge,1,0,0,1,0,1,1,0,0,1,1,0,0.0,0.1,0.0,0.22,0.25,0.0,0.0,0.392757660167131,0.558,0.0,4,13,2,2,1.3862943611198906,2.6390573296152584,-0.055,-0.12276000000000001,0.1395,-0.21915877437325912
sorting:dropguard:0,merge_sort,0,0,0,1,0,1,1,0,0,1,0,1,0.0,0.1,0.0,0.22,0.95,0.0,0.0,0.8165304268846503,0.0,0.556,1,3,0,1,0.0,1.3862943611198906,-0.209,0.12232000000000001,-0.5282,0.4539909173478656
sorting:dropguard:0,is_sorted,1,0,0,1,0,1,0,1,0,1,1,0,0.0,0.1,0.0,0.22,0.0,0.3,0.0,0.7636684303350971,0.582,0.0,2,2,0,1,0.6931471805599453,1.0986122886681098,0.066,-0.12804,-0.17459999999999998,-0.4444550264550265
sorting:dropguard:0,rank,1,1,0,1,0,1,1,0,0,1,1,0,0.0,0.1,0.0,0.22,0.435,0.0,0.0,0.7271157167530227,0.458,0.0,2,4,0,1,0.6931471805599453,1.6094379124341003,-0.0957,-0.10076,0.19923000000000002,-0.3330189982728844
encoding:boundary:0,caesar_encrypt,1,0,0,1,0,1,0,1,0,1,1,0,0.0,0.1,0.0,0.22,0.0,0.3,0.0,0.4409221902017293,0.84,0.0,4,9,2,2,1.3862943611198906,2.302585092994046,0.066,-0.1848,-0.252,-0.3703746397694526
encoding:boundary:0,caesar_decrypt,1,0,0,1,0,1,0,1,0,1,1,0,0.0,0.1,0.0,0.22,0.0,0.3,0.0,0.8034265103697025,0.49,0.0,1,2,0,2,0.0,1.0986122886681098,0.066,-0.10779999999999999,-0.147,-0.3936789900811542
encoding:boundary:0,rle_encode,0,0,0,1,0,1,1,0,0,1,1,0,0.0,0.1,0.0,0.22,0.95,0.0,0.0,0.41242937853107353,0.772,0.0,4,13,2,1,1.3862943611198906,2.6390573296152584,-0.209,-0.16984000000000002,0.7333999999999999,-0.3183954802259888
encoding:boundary:0,rle_decode,1,0,0,1,0,1,1,0,0,1,0,1,0.0,0.1,0.0,0.22,0.492,0.0,0.0,0.7636684303350971,0.0,0.48,2,2,0,1,0.6931471805599453,1.0986122886681098,-0.10824,0.1056,-0.23615999999999998,0.3665608465608466
encoding:boundary:0,rle_compress_ratio,1,1,0,1,1,0,1,0,0,1,1,0,0.0,0.1,0.3,0.0,0.584,0.0,0.0,0.6501650165016502,0.538,0.0,2,6,1,1,0.6931471805599453,1.9459101490553132,0.1752,0.16140000000000002,0.314192,-0.3497887788778878
encoding:arithmetic:0,caesar_encrypt,0,0,0,1,0,1,1,0,0,1,1,0,0.0,0.1,0.0,0.22,0.95,0.0,0.0,0.4409221902017293,0.84,0.0,4,9,2,2,1.3862943611198906,2.302585092994046,-0.209,-0.1848,0.7979999999999999,-0.3703746397694526
encoding:arithmetic:0,caesar_decrypt,1,1,0,1,0,1,1,0,0,1,1,0,0.0,0.1,0.0,0.22,0.785,0.0,0.0,0.8034265103697025,0.49,0.0,1,2,0,2,0.0,1.0986122886681098,-0.17270000000000002,-0.10779999999999999,0.38465,-0.3936789900811542
encoding:arithmetic:0,rle_encode,1,0,0,1,0,1,0,1,0,1,1,0,0.0,0.1,0.0,0.22,0.0,0.3,0.0,0.41242937853107353,0.772,0.0,4,13,2,1,1.3862943611198906,2.6390573296152584,0.066,-0.16984000000000002,-0.2316,-0.3183954802259888
encoding:arithmetic:0,rle_decode,1,0,0,1,0,1,0,1,0,1,0,1,0.0,0.1,0.0,0.22,0.0,0.3,0.0,0.7636684303350971,0.0,0.48,2,2,0,1,0.6931471805599453,1.0986122886681098,0.066,0.1056,0.144,0.3665608465608466
encoding:arithmetic:0,rle_compress_ratio,1,0,0,1,1,0,0,1,0,1,1,0,0.0,0.1,0.3,0.0,0.0,0.3,0.0,0.6501650165016502,0.538,0.0,2,6,1,1,0.6931471805599453,1.9459101490553132,-0.09,0.16140000000000002,-0.16140000000000002,-0.3497887788778878
encoding:arithmetic:1,caesar_encrypt,0,0,0,1,0,1,1,0,0,1,1,0,0.0,0.1,0.0,0.22,0.95,0.0,0.0,0.4409221902017293,0.84,0.0,4,9,2,2,1.3862943611198906,2.302585092994046,-0.209,-0.1848,0.7979999999999999,-0.3703746397694526
encoding:arithmetic:1,caesar_decrypt,1,1,0,1,0,1,1,0,0,1,1,0,0.0,0.1,0.0,0.22,0.785,0.0,0.0,0.8034265103697025,0.49,0.0,1,2,0,2,0.0,1.0986122886681098,-0.17270000000000002,-0.10779999999999999,0.38465,-0.3936789900811542
encoding:arithmetic:1,rle_encode,1,0,0,1,0,1,0,1,0,1,1,0,0.0,0.1,0.0,0.22,0.0,0.3,0.0,0.41242937853107353,0.772,0.0,4,13,2,1,1.3862943611198906,2.6390573296152584,0.066,-0.16984000000000002,-0.2316,-0.3183954802259888
encoding:arithmetic:1,rle_decode,1,0,0,1,0,1,0,1,0,1,0,1,0.0,0.1,0.0,0.22,0.0,0.3,0.0,0.7636684303350971,0.0,0.48,2,2,0,1,0.6931471805599453,1.0986122886681098,0.066,0.1056,0.144,0.3665608465608466
encoding:arithmetic:1,rle_compress_ratio,1,0,0,1,1,0,0,1,0,1,1,0,0.0,0.1,0.3,0.0,0.0,0.3,0.0,0.6501650165016502,0.538,0.0,2,6,1,1,0.6931471805599453,1.9459101490553132,-0.09,0.16140000000000002,-0.16140000000000002,-0.3497887788778878
encoding:arithmetic:2,caesar_encrypt,0,0,0,1,0,1,1,0,0,1,1,0,0.0,0.1,0.0,0.22,0.95,0.0,0.0,0.4409221902017293,0.84,0.0,4,9,2,2,1.3862943611198906,2.302585092994046,-0.209,-0.1848,0.7979999999999999,-0.3703746397694526
encoding:arithmetic:2,caesar_decrypt,1,1,0,1,0,1,1,0,0,1,1,0,0.0,0.1,0.0,0.22,0.435,0.0,0.0,0.8034265103697025,0.49,0.0,1,2,0,2,0.0,1.0986122886681098,-0.0957,-0.10779999999999999,0.21315,-0.3936789900811542
encoding:arithmetic:2,rle_encode,1,0,0,1,0,1,0,1,0,1,1,0,0.0,0.1,0.0,0.22,0.0,0.3,0.0,0.41242937853107353,0.772,0.0,4,13,2,1,1.3862943611198906,2.6390573296152584,0.066,-0.16984000000000002,-0.2316,-0.3183954802259888
encoding:arithmetic:2,rle_decode,1,0,0,1,0,1,0,1,0,1,0,1,0.0,0.1,0.0,0.22,0.0,0.3,0.0,0.7636684303350971,0.0,0.48,2,2,0,1,0.6931471805599453,1.0986122886681098,0.066,0.1056,0.144,0.3665608465608466
encoding:arithmetic:2,rle_compress_ratio,1,0,0,1,1,0,0,1,0,1,1,0,0.0,0.1,0.3,0.0,0.0,0.3,0.0,0.6501650165016502,0.538,0.0,2,6,1,1,0.6931471805599453,1.9459101490553132,-0.09,0.16140000000000002,-0.16140000000000002,-0.3497887788778878
encoding:arithmetic:3,caesar_encrypt,1,0,0,1,0,1,0,1,0,1,1,0,0.0,0.1,0.0,0.22,0.0,0.3,0.0,0.4409221902017293,0.84,0.0,4,9,2,2,1.3862943611198906,2.302585092994046,0.066,-0.1848,-0.252,-0.3703746397694526
encoding:arithmetic:3,caesar_decrypt,1,0,0,1,0,1,0,1,0,1,1,0,0.0,0.1,0.0,0.22,0.0,0.3,0.0,0.8034265103697025,0.49,0.0,1,2,0,2,0.0,1.0986122886681098,0.066,-0.10779999999999999,-0.147,-0.3936789900811542
encoding:arithmetic:3,rle_encode,0,0,0,1,0,1,1,0,0,1,1,0,0.0,0.1,0.0,0.22,0.95,0.0,0.0,0.41242937853107353,0.772,0.0,4,13,2,1,1.3862943611198906,2.6390573296152584,-0.209,-0.16984000000000002,0.7333999999999999,-0.3183954802259888
encoding:arithmetic:3,rle_decode,1,0,0,1,0,1,0,1,0,1,0,1,0.0,0.1,0.0,0.22,0.0,0.3,0.0,0.7636684303350971,0.0,0.48,2,2,0,1,0.6931471805599453,1.0986122886681098,0.066,0.1056,0.144,0.3665608465608466
encoding:arithmetic:3,rle_compress_ratio,1,1,0,1,1,0,1,0,0,1,1,0,0.0,0.1,0.3,0.0,0.332,0.0,0.0,0.6501650165016502,0.538,0.0,2,6,1,1,0.6931471805599453,1.9459101490553132,0.09960000000000001,0.16140000000000002,0.17861600000000002,-0.3497887788778878
encoding:offbyone:0,caesar_encrypt,0,0,0,1,0,1,1,0,0,1,1,0,0.0,0.1,0.0,0.22,0.95,0.0,0.0,0.4409221902017293,0.84,0.0,4,9,2,2,1.3862943611198906,2.302585092994046,-0.209,-0.1848,0.7979999999999999,-0.3703746397694526
encoding:offbyone:0,caesar_decrypt,1,1,0,1,0,1,0,1,0,1,1,0,0.0,0.1,0.0,0.22,0.0,0.3,0.0,0.8034265103697025,0.49,0.0,1,2,0,2,0.0,1.0986122886681098,0.066,-0.10779999999999999,-0.147,-0.3936789900811542
encoding:offbyone:0,rle_encode,1,0,0,1,0,1,1,0,0,1,1,0,0.0,0.1,0.0,0.22,0.95,0.0,0.0,0.41242937853107353,0.772,0.0,4,13,2,1,1.3862943611198906,2.6390573296152584,-0.209,-0.16984000000000002,0.7333999999999999,-0.3183954802259888
encoding:offbyone:0,rle_decode,1,0,0,1,0,1,0,1,0,1,0,1,0.0,0.1,0.0,0.22,0.0,0.3,0.0,0.7636684303350971,0.0,0.48,2,2,0,1,0.6931471805599453,1.0986122886681098,0.066,0.1056,0.144,0.3665608465608466
encoding:offbyone:0,rle_compress_ratio,1,0,0,1,1,0,0,1,0,1,1,0,0.0,0.1,0.3,0.0,0.0,0.3,0.0,0.6501650165016502,0.538,0.0,2,6,1,1,0.6931471805599453,1.9459101490553132,-0.09,0.16140000000000002,-0.16140000000000002,-0.3497887788778878
encoding:offbyone:1,caesar_encrypt,1,0,0,1,0,1,0,1,0,1,1,0,0.0,0.1,0.0,0.22,0.0,0.3,0.0,0.4409221902017293,0.84,0.0,4,9,2,2,1.3862943611198906,2.302585092994046,0.066,-0.1848,-0.252,-0.3703746397694526
encoding:offbyone:1,caesar_decrypt,1,0,0,1,0,1,0,1,0,1,1,0,0.0,0.1,0.0,0.22,0.0,0.3,0.0,0.8034265103697025,0.49,0.0,1,2,0,2,0.0,1.0986122886681098,0.066,-0.10779999999999999,-0.147,-0.3936789900811542
encoding:offbyone:1,rle_encode,0,0,0,1,0,1,1,0,0,1,1,0,0.0,0.1,0.0,0.22,0.95,0.0,0.0,0.41242937853107353,0.772,0.0,4,13,2,1,1.3862943611198906,2.6390573296152584,-0.209,-0.16984000000000002,0.7333999999999999,-0.3183954802259888
encoding:offbyone:1,rle_decode,1,0,0,1,0,1,1,0,0,1,0,1,0.0,0.1,0.0,0.22,0.492,0.0,0.0,0.7636684303350971,0.0,0.48,2,2,0,1,0.6931471805599453,1.0986122886681098,-0.10824,0.1056,-0.23615999999999998,0.3665608465608466
encoding:offbyone:1,rle_compress_ratio,1,1,0,1,1,0,0,1,0,1,1,0,0.0,0.1,0.3,0.0,0.0,0.3,0.0,0.6501650165016502,0.538,0.0,2,6,1,1,0.6931471805599453,1.9459101490553132,-0.09,0.16140000000000002,-0.16140000000000002,-0.3497887788778878
encoding:offbyone:2,caesar_encrypt,1,0,0,1,0,1,0,1,0,1,1,0,0.0,0.1,0.0,0.22,0.0,0.3,0.0,0.4409221902017293,0.84,0.0,4,9,2,2,1.3862943611198906,2.302585092994046,0.066,-0.1848,-0.252,-0.3703746397694526
encoding:offbyone:2,caesar_decrypt,1,0,0,1,0,1,0,1,0,1,1,0,0.0,0.1,0.0,0.22,0.0,0.3,0.0,0.8034265103697025,0.49,0.0,1,2,0,2,0.0,1.0986122886681098,0.066,-0.10779999999999999,-0.147,-0.3936789900811542
encoding:offbyone:2,rle_encode,0,0,0,1,0,1,1,0,0,1,1,0,0.0,0.1,0.0,0.22,0.95,0.0,0.0,0.41242937853107353,0.772,0.0,4,13,2,1,1.3862943611198906,2.6390573296152584,-0.209,-0.16984000000000002,0.7333999999999999,-0.3183954802259888
encoding:offbyone:2,rle_decode,1,0,0,1,0,1,1,0,0,1,0,1,0.0,0.1,0.0,0.22,0.492,0.0,0.0,0.7636684303350971,0.0,0.48,2,2,0,1,0.6931471805599453,1.0986122886681098,-0.10824,0.1056,-0.23615999999999998,0.3665608465608466
encoding:offbyone:2,rle_compress_ratio,1,1,0,1,1,0,1,0,0,1,1,0,0.0,0.1,0.3,0.0,0.584,0.0,0.0,0.6501650165016502,0.538,0.0,2,6,1,1,0.6931471805599453,1.9459101490553132,0.1752,0.16140000000000002,0.314192,-0.3497887788778878
encoding:offbyone:3,caesar_encrypt,1,0,0,1,0,1,0,1,0,1,1,0,0.0,0.1,0.0,0.22,0.0,0.3,0.0,0.4409221902017293,0.84,0.0,4,9,2,2,1.3862943611198906,2.302585092994046,0.066,-0.1848,-0.252,-0.3703746397694526
encoding:offbyone:3,caesar_decrypt,1,0,0,1,0,1,0,1,0,1,1,0,0.0,0.1,0.0,0.22,0.0,0.3,0.0,0.8034265103697025,0.49,0.0,1,2,0,2,0.0,1.0986122886681098,0.066,-0.10779999999999999,-0.147,-0.3936789900811542
encoding:offbyone:3,rle_encode,0,0,0,1,0,1,1,0,0,1,1,0,0.0,0.1,0.0,0.22,0.95,0.0,0.0,0.41242937853107353,0.772,0.0,4,13,2,1,1.3862943611198906,2.6390573296152584,-0.209,-0.16984000000000002,0.7333999999999999,-0.3183954802259888
encoding:offbyone:3,rle_decode,1,0,0,1,0,1,0,1,0,1,0,1,0.0,0.1,0.0,0.22,0.0,0.3,0.0,0.7636684303350971,0.0,0.48,2,2,0,1,0.6931471805599453,1.0986122886681098,0.066,0.1056,0.144,0.3665608465608466
encoding:offbyone:3,rle_compress_ratio,1,1,0,1,1,0,0,1,0,1,1,0,0.0,0.1,0.3,0.0,0.0,0.3,0.0,0.6501650165016502,0.538,0.0,2,6,1,1,0.6931471805599453,1.9459101490553132,-0.09,0.16140000000000002,-0.16140000000000002,-0.3497887788778878
encoding:dropguard:0,caesar_encrypt,1,0,0,1,0,1,0,1,0,1,1,0,0.0,0.1,0.0,0.22,0.0,0.3,0.0,0.4409221902017293,0.84,0.0,4,9,2,2,1.3862943611198906,2.302585092994046,0.066,-0.1848,-0.252,-0.3703746397694526
encoding:dropguard:0,caesar_decrypt,1,0,0,1,0,1,0,1,0,1,1,0,0.0,0.1,0.0,0.22,0.0,0.3,0.0,0.8034265103697025,0.49,0.0,1,2,0,2,0.0,1.0986122886681098,0.066,-0.10779999999999999,-0.147,-0.3936789900811542
encoding:dropguard:0,rle_encode,0,0,0,1,0,1,1,0,0,1,1,0,0.0,0.1,0.0,0.22,0.95,0.0,0.0,0.48478099480326664,0.68,0.0,3,11,2,1,1.0986122886681098,2.4849066497880004,-0.209,-0.1496,0.646,-0.3296510764662213
encoding:dropguard:0,rle_decode,1,0,0,1,0,1,0,1,0,1,0,1,0.0,0.1,0.0,0.22,0.0,0.3,0.0,0.7636684303350971,0.0,0.48,2,2,0,1,0.6931471805599453,1.0986122886681098,0.066,0.1056,0.144,0.3665608465608466
encoding:dropguard:0,rle_compress_ratio,1,1,0,1,1,0,0,1,0,1,1,0,0.0,0.1,0.3,0.0,0.0,0.3,0.0,0.6501650165016502,0.538,0.0,2,6,1,1,0.6931471805599453,1.9459101490553132,-0.09,0.16140000000000002,-0.16140000000000002,-0.3497887788778878
encoding:dropguard:1,caesar_encrypt,1,0,0,1,0,1,0,1,0,1,1,0,0.0,0.1,0.0,0.22,0.0,0.3,0.0,0.4409221902017293,0.84,0.0,4,9,2,2,1.3862943611198906,2.302585092994046,0.066,-0.1848,-0.252,-0.3703746397694526
encoding:dropguard:1,caesar_decrypt,1,0,0,1,0,1,0,1,0,1,1,0,0.0,0.1,0.0,0.22,0.0,0.3,0.0,0.8034265103697025,0.49,0.0,1,2,0,2,0.0,1.0986122886681098,0.066,-0.10779999999999999,-0.147,-0.3936789900811542
encoding:dropguard:1,rle_encode,1,0,0,1,0,1,0,1,0,1,1,0,0.0,0.1,0.0,0.22,0.0,0.3,0.0,0.41242937853107353,0.772,0.0,4,13,2,1,1.3862943611198906,2.6390573296152584,0.066,-0.16984000000000002,-0.2316,-0.3183954802259888
encoding:dropguard:1,rle_decode,1,0,0,1,0,1,0,1,0,1,0,1,0.0,0.1,0.0,0.22,0.0,0.3,0.0,0.7636684303350971,0.0,0.48,2,2,0,1,0.6931471805599453,1.0986122886681098,0.066,0.1056,0.144,0.3665608465608466
encoding:dropguard:1,rle_compress_ratio,0,0,0,1,1,0,1,0,0,1,1,0,0.0,0.1,0.3,0.0,0.95,0.0,0.0,0.7969451931716083,0.43,0.0,1,4,0,1,0.0,1.6094379124341003,0.285,0.129,0.4085,-0.34268643306379154
encoding:swapargs:0,caesar_encrypt,1,0,0,1,0,1,1,0,0,1,1,0,0.0,0.1,0.0,0.22,0.95,0.0,0.0,0.4409221902017293,0.84,0.0,4,9,2,2,1.3862943611198906,2.302585092994046,-0.209,-0.1848,0.7979999999999999,-0.3703746397694526
encoding:swapargs:0,caesar_decrypt,0,0,0,1,0,1,1,0,0,1,1,0,0.0,0.1,0.0,0.22,0.744,0.0,0.0,0.8034265103697025,0.49,0.0,1,2,0,2,0.0,1.0986122886681098,-0.16368,-0.10779999999999999,0.36456,-0.3936789900811542
encoding:swapargs:0,rle_encode,1,0,0,1,0,1,0,1,0,1,1,0,0.0,0.1,0.0,0.22,0.0,0.3,0.0,0.41242937853107353,0.772,0.0,4,13,2,1,1.3862943611198906,2.6390573296152584,0.066,-0.16984000000000002,-0.2316,-0.3183954802259888
encoding:swapargs:0,rle_decode,1,0,0,1,0,1,0,1,0,1,0,1,0.0,0.1,0.0,0.22,0.0,0.3,0.0,0.7636684303350971,0.0,0.48,2,2,0,1,0.6931471805599453,1.0986122886681098,0.066,0.1056,0.144,0.3665608465608466
encoding:swapargs:0,rle_compress_ratio,1,0,0,1,1,0,0,1,0,1,1,0,0.0,0.1,0.3,0.0,0.0,0.3,0.0,0.6501650165016502,0.538,0.0,2,6,1,1,0.6931471805599453,1.9459101490553132,-0.09,0.16140000000000002,-0.16140000000000002,-0.3497887788778878
encoding:swapargs:1,caesar_encrypt,1,0,0,1,0,1,0,1,0,1,1,0,0.0,0.1,0.0,0.22,0.0,0.3,0.0,0.4409221902017293,0.84,0.0,4,9,2,2,1.3862943611198906,2.302585092994046,0.066,-0.1848,-0.252,-0.3703746397694526
encoding:swapargs:1,caesar_decrypt,1,0,0,1,0,1,0,1,0,1,1,0,0.0,0.1,0.0,0.22,0.0,0.3,0.0,0.8034265103697025,0.49,0.0,1,2,0,2,0.0,1.0986122886681098,0.066,-0.10779999999999999,-0.147,-0.3936789900811542
encoding:swapargs:1,rle_encode,0,0,0,1,0,1,1,0,0,1,1,0,0.0,0.1,0.0,0.22,0.95,0.0,0.0,0.41242937853107353,0.772,0.0,4,13,2,1,1.3862943611198906,2.6390573296152584,-0.209,-0.16984000000000002,0.7333999999999999,-0.3183954802259888
encoding:swapargs:1,rle_decode,1,0,0,1,0,1,1,0,0,1,0,1,0.0,0.1,0.0,0.22,0.492,0.0,0.0,0.7636684303350971,0.0,0.48,2,2,0,1,0.6931471805599453,1.0986122886681098,-0.10824,0.1056,-0.23615999999999998,0.3665608465608466
encoding:swapargs:1,rle_compress_ratio,1,1,0,1,1,0,1,0,0,1,1,0,0.0,0.1,0.3,0.0,0.584,0.0,0.0,0.6501650165016502,0.538,0.0,2,6,1,1,0.6931471805599453,1.9459101490553132,0.1752,0.16140000000000002,0.314192,-0.3497887788778878
ref:stats,mean,1,0,0,1,1,0,0,1,0,1,1,0,0.0,0.1,0.3,0.0,0.0,0.8500000000000001,0.0,0.6835016835016836,0.452,0.0,2,4,1,1,0.6931471805599453,1.6094379124341003,-0.255,0.1356,-0.38420000000000004,-0.308942760942761
ref:stats,variance,1,0,0,1,1,0,0,1,0,1,1,0,0.0,0.1,0.3,0.0,0.0,0.8500000000000001,0.0,0.6064257028112447,0.49,0.0,3,5,1,1,1.0986122886681098,1.791759469228055,-0.255,0.147,-0.41650000000000004,-0.2971485943775099
ref:stats,stddev,1,0,0,1,0,1,0,1,0,1,1,0,0.0,0.1,0.0,0.22,0.0,0.8500000000000001,0.0,0.8365472910927456,0.476,0.0,1,2,0,1,0.0,1.0986122886681098,0.18700000000000003,-0.10472,-0.4046,-0.3981965105601469
ref:stats,zscores,1,0,0,1,1,0,0,1,0,1,1,0,0.0,0.1,0.3,0.0,0.0,0.8500000000000001,0.0,0.5360983102918586,0.564,0.0,4,6,1,1,1.3862943611198906,1.9459101490553132,-0.255,0.1692,-0.4794,-0.3023594470046082
ref:stats,summarize,1,0,0,1,0,1,0,1,0,1,1,0,0.0,0.1,0.0,0.22,0.0,0.8500000000000001,0.0,0.8365472910927456,0.43,0.0,1,2,0,1,0.0,1.0986122886681098,0.18700000000000003,-0.0946,-0.36550000000000005,-0.35971533516988063
ref:search,lower_bound,1,0,0,1,0,1,0,1,0,1,1,0,0.0,0.1,0.0,0.22,0.0,0.77,0.0,0.48920327624720783,0.558,0.0,3,9,2,2,1.0986122886681098,2.302585092994046,0.1694,-0.12276000000000001,-0.42966000000000004,-0.272975428145942
ref:search,contains,1,0,0,1,0,1,0,1,0,1,0,1,0.0,0.1,0.0,0.22,0.0,0.77,0.0,0.7152658662092626,0.0,0.556,2,3,0,2,0.6931471805599453,1.3862943611198906,0.1694,0.12232000000000001,0.42812000000000006,0.39768782161235006
ref:search,count_range,1,0,0,1,0,1,0,1,0,1,1,0,0.0,0.1,0.0,0.22,0.0,0.77,0.0,0.7346053772766694,0.476,0.0,1,4,0,3,0.0,1.6094379124341003,0.1694,-0.10472,-0.36652,-0.34967215958369463
ref:search,insert_sorted,1,0,0,1,0,1,0,1,0,1,0,1,0.0,0.1,0.0,0.22,0.0,0.77,0.0,0.784121320249777,0.0,0.586,1,3,0,2,0.0,1.3862943611198906,0.1694,0.12892,0.45122,0.4594950936663693
ref:text,normalize,1,0,0,1,0,1,0,1,0,1,0,1,0.0,0.1,0.0,0.22,0.0,0.8500000000000001,0.0,0.8365472910927456,0.0,0.488,1,2,0,1,0.0,1.0986122886681098,0.18700000000000003,0.10736,0.41480000000000006,0.40823507805325987
ref:text,words,1,0,0,1,0,1,0,1,0,1,0,1,0.0,0.1,0.0,0.22,0.0,0.8500000000000001,0.0,0.7636684303350971,0.0,0.448,2,2,0,1,0.6931471805599453,1.0986122886681098,0.18700000000000003,0.09856000000000001,0.3808,0.3421234567901235
ref:text,initials,1,0,0,1,0,1,0,1,0,1,1,0,0.0,0.1,0.0,0.22,0.0,0.8500000000000001,0.0,0.7636684303350971,0.582,0.0,2,2,0,1,0.6931471805599453,1.0986122886681098,0.18700000000000003,-0.12804,-0.49470000000000003,-0.4444550264550265
ref:text,truncate,1,0,0,1,0,1,0,1,0,1,1,0,0.0,0.1,0.0,0.22,0.0,0.8500000000000001,0.0,0.5515903801396429,0.458,0.0,3,7,1,2,1.0986122886681098,2.0794415416798357,0.18700000000000003,-0.10076,-0.38930000000000003,-0.25262839410395643
ref:text,title_case,1,0,0,1,0,1,0,1,0,1,1,0,0.0,0.1,0.0,0.22,0.0,0.8500000000000001,0.0,0.7636684303350971,0.538,0.0,2,2,0,1,0.6931471805599453,1.0986122886681098,0.18700000000000003,-0.11836,-0.4573000000000001,-0.41085361552028227
ref:matrix,shape,1,0,0,1,0,1,0,1,0,1,1,0,0.0,0.1,0.0,0.22,0.0,0.8500000000000001,0.0,0.6835016835016836,0.452,0.0,2,4,1,1,0.6931471805599453,1.6094379124341003,0.18700000000000003,-0.09944,-0.38420000000000004,-0.308942760942761
ref:matrix,transpose,1,0,0,1,0,1,0,1,0,1,1,0,0.0,0.1,0.0,0.22,0.0,0.8500000000000001,0.0,0.6792611251049538,0.49,0.0,3,3,0,1,1.0986122886681098,1.3862943611198906,0.18700000000000003,-0.10779999999999999,-0.41650000000000004,-0.3328379513014274
ref:matrix,row_sums,1,0,0,1,0,1,0,1,0,1,1,0,0.0,0.1,0.0,0.22,0.0,0.8500000000000001,0.0,0.7636684303350971,0.582,0.0,2,2,0,1,0.6931471805599453,1.0986122886681098,0.18700000000000003,-0.12804,-0.49470000000000003,-0.4444550264550265
ref:matrix,scale,1,0,0,1,0,1,0,1,0,1,1,0,0.0,0.1,0.0,0.22,0.0,0.8500000000000001,0.0,0.6680567139282734,0.458,0.0,3,2,0,2,1.0986122886681098,1.0986122886681098,0.18700000000000003,-0.10076,-0.38930000000000003,-0.30596997497914924
ref:matrix,trace,1,0,0,1,0,1,0,1,0,1,1,0,0.0,0.1,0.0,0.22,0.0,0.8500000000000001,0.0,0.7271157167530227,0.538,0.0,2,4,0,1,0.6931471805599453,1.6094379124341003,0.18700000000000003,-0.11836,-0.4573000000000001,-0.3911882556131262
ref:inventory,total_units,1,0,0,1,0,1,0,1,0,1,1,0,0.0,0.1,0.0,0.22,0.0,0.8500000000000001,0.0,0.7636684303350971,0.452,0.0,2,2,0,1,0.6931471805599453,1.0986122886681098,0.18700000000000003,-0.09944,-0.38420000000000004,-0.3451781305114639
ref:inventory,restock_needed,1,0,0,1,0,1,0,1,0,1,1,0,0.0,0.1,0.0,0.22,0.0,0.8500000000000001,0.0,0.733102253032929,0.49,0.0,2,2,0,2,0.6931471805599453,1.0986122886681098,0.18700000000000003,-0.10779999999999999,-0.41650000000000004,-0.3592201039861352
ref:inventory,value_of,1,0,0,1,0,1,0,1,0,1,1,0,0.0,0.1,0.0,0.22,0.0,0.8500000000000001,0.0,0.8365472910927456,0.476,0.0,1,2,0,1,0.0,1.0986122886681098,0.18700000000000003,-0.10472,-0.4046,-0.3981965105601469
ref:inventory,inventory_value,1,0,0,1,0,1,0,1,0,1,0,1,0.0,0.1,0.0,0.22,0.0,0.8500000000000001,0.0,0.7636684303350971,0.0,0.48,2,2,0,1,0.6931471805599453,1.0986122886681098,0.18700000000000003,0.1056,0.40800000000000003,0.3665608465608466
ref:inventory,apply_discount,1,0,0,1,0,1,0,1,0,1,1,0,0.0,0.1,0.0,0.22,0.0,0.8500000000000001,0.0,0.5232292460015233,0.638,0.0,3,9,1,2,1.0986122886681098,2.302585092994046,0.18700000000000003,-0.14036,-0.5423000000000001,-0.3338202589489719
ref:dates,is_leap,1,0,0,1,0,1,0,1,0,1,1,0,0.0,0.1,0.0,0.22,0.0,0.77,0.0,0.5910898965791567,0.558,0.0,3,6,1,1,1.0986122886681098,1.9459101490553132,0.1694,-0.12276000000000001,-0.42966000000000004,-0.32982816229116946
ref:dates,days_in_month,1,0,0,1,0,1,0,1,0,1,1,0,0.0,0.1,0.0,0.22,0.0,0.77,0.0,0.51285930408472,0.594,0.0,4,6,1,2,1.3862943611198906,1.9459101490553132,0.1694,-0.13068,-0.45738,-0.3046384266263237
ref:dates,day_of_year,1,0,0,1,0,1,0,1,0,1,1,0,0.0,0.1,0.0,0.22,0.0,0.77,0.0,0.6129032258064517,0.582,0.0,2,5,1,3,0.6931471805599453,1.791759469228055,0.1694,-0.12804,-0.44814,-0.3567096774193549
ref:dates,days_in_year,1,0,0,1,0,1,0,1,0,1,0,1,0.0,0.1,0.0,0.22,0.0,0.77,0.0,0.7636684303350971,0.0,0.48,2,2,0,1,0.6931471805599453,1.0986122886681098,0.1694,0.1056,0.3696,0.3665608465608466
ref:parsing,parse_kv,1,0,0,1,0,1,0,1,0,1,1,0,0.0,0.1,0.0,0.22,0.0,0.77,0.0,0.6666666666666667,0.452,0.0,2,5,1,1,0.6931471805599453,1.791759469228055,0.1694,-0.09944,-0.34804,-0.3013333333333334
ref:parsing,parse_all,1,0,0,1,0,1,0,1,0,1,1,0,0.0,0.1,0.0,0.22,0.0,0.77,0.0,0.4035087719298245,0.594,0.0,5,10,2,1,1.6094379124341003,2.3978952727983707,0.1694,-0.13068,-0.45738,-0.23968421052631572
ref:parsing,coerce,1,0,0,1,0,1,0,1,0,1,1,0,0.0,0.1,0.0,0.22,0.0,0.77,0.0,0.5760441292356184,0.68,0.0,3,7,1,1,1.0986122886681098,2.0794415416798357,0.1694,-0.1496,-0.5236000000000001,-0.39171000788022053
ref:parsing,build_config,1,0,0,1,0,1,0,1,0,1,0,1,0.0,0.1,0.0,0.22,0.0,0.77,0.0,0.7452006980802794,0.0,0.48,2,3,0,1,0.6931471805599453,1.3862943611198906,0.1694,0.1056,0.3696,0.3576963350785341
ref:geometry,distance,1,0,0,1,0,1,0,1,0,1,0,1,0.0,0.1,0.0,0.22,0.0,0.77,0.0,0.8034265103697025,0.0,0.488,1,2,0,2,0.0,1.0986122886681098,0.1694,0.10736,0.37576,0.39207213706041477
ref:geometry,perimeter,1,0,0,1,0,1,0,1,0,1,1,0,0.0,0.1,0.0,0.22,0.0,0.77,0.0,0.5760441292356184,0.49,0.0,3,7,1,1,1.0986122886681098,2.0794415416798357,0.1694,-0.10779999999999999,-0.3773,-0.282261623325453
ref:geometry,centroid,1,0,0,1,2,0,0,1,0,1,1,0,0.0,0.1,0.6,0.0,0.0,0.77,0.0,0.5503875968992247,0.772,0.0,4,5,1,1,1.3862943611198906,1.791759469228055,-0.46199999999999997,0.4632,-0.5944400000000001,-0.42489922480620146
ref:geometry,bounding_box,1,0,0,1,0,1,0,1,0,1,1,0,0.0,0.1,0.0,0.22,0.0,0.77,0.0,0.5360983102918586,0.564,0.0,4,6,1,1,1.3862943611198906,1.9459101490553132,0.1694,-0.12407999999999998,-0.43427999999999994,-0.3023594470046082
ref:stack,make_stack,1,0,0,1,0,1,0,1,0,1,0,1,0.0,0.1,0.0,0.22,0.0,0.77,0.0,0.8709073900841908,0.0,0.488,1,2,0,0,0.0,1.0986122886681098,0.1694,0.10736,0.37576,0.4250028063610851
ref:stack,push,1,0,0,1,0,1,0,1,0,1,0,1,0.0,0.1,0.0,0.22,0.0,0.77,0.0,0.784121320249777,0.0,0.556,1,3,0,2,0.0,1.3862943611198906,0.1694,0.12232000000000001,0.42812000000000006,0.43597145405887605
ref:stack,pop,1,0,0,1,0,1,0,1,0,1,1,0,0.0,0.1,0.0,0.22,0.0,0.77,0.0,0.6835016835016836,0.582,0.0,2,4,1,1,0.6931471805599453,1.6094379124341003,0.1694,-0.12804,-0.44814,-0.3977979797979798
ref:stack,peek,1,0,0,1,0,1,0,1,0,1,0,1,0.0,0.1,0.0,0.22,0.0,0.77,0.0,0.6835016835016836,0.0,0.48,2,4,1,1,0.6931471805599453,1.6094379124341003,0.1694,0.1056,0.3696,0.32808080808080814
ref:stack,is_balanced,1,0,0,1,0,1,0,1,0,1,1,0,0.0,0.1,0.0,0.22,0.0,0.77,0.0,0.2970168612191959,0.822,0.0,6,11,4,1,1.791759469228055,2.4849066497880004,0.1694,-0.18084,-0.63294,-0.24414785992217902
ref:graph,make_graph,1,0,0,1,0,1,0,1,0,1,0,1,0.0,0.1,0.0,0.22,0.0,0.77,0.0,0.8709073900841908,0.0,0.488,1,2,0,0,0.0,1.0986122886681098,0.1694,0.10736,0.37576,0.4250028063610851
ref:graph,add_edge,1,0,0,1,0,1,0,1,0,1,0,1,0.0,0.1,0.0,0.22,0.0,0.77,0.0,0.7346053772766694,0.0,0.556,1,4,0,3,0.0,1.6094379124341003,0.1694,0.12232000000000001,0.42812000000000006,0.40844058976582825
ref:graph,neighbors,1,0,0,1,0,1,0,1,0,1,1,0,0.0,0.1,0.0,0.22,0.0,0.77,0.0,0.8034265103697025,0.476,0.0,1,2,0,2,0.0,1.0986122886681098,0.1694,-0.10472,-0.36652,-0.38243101893597836
ref:graph,bfs,1,0,0,1,0,1,0,1,0,1,1,0,0.0,0.1,0.0,0.22,0.0,0.77,0.0,0.37551581843191206,0.564,0.0,4,12,3,2,1.3862943611198906,2.5649493574615367,0.1694,-0.12407999999999998,-0.43427999999999994,-0.21179092159559837
ref:graph,has_path,1,0,0,1,0,1,0,1,0,1,1,0,0.0,0.1,0.0,0.22,0.0,0.77,0.0,0.7714791851195748,0.43,0.0,1,2,0,3,0.0,1.0986122886681098,0.1694,-0.0946,-0.3311,-0.33173604960141717
ref:interval,overlaps,1,0,0,1,0,1,0,1,0,1,0,1,0.0,0.1,0.0,0.22,0.0,0.8500000000000001,0.0,0.733102253032929,0.0,0.488,2,2,0,2,0.6931471805599453,1.0986122886681098,0.18700000000000003,0.10736,0.41480000000000006,0.3577538994800693
ref:interval,merge,1,0,0,1,0,1,0,1,0,1,0,1,0.0,0.1,0.0,0.22,0.0,0.8500000000000001,0.0,0.6556291390728477,0.0,0.448,2,4,1,2,0.6931471805599453,1.6094379124341003,0.18700000000000003,0.09856000000000001,0.3808,0.29372185430463577
ref:interval,contains,1,0,0,1,0,1,0,1,0,1,1,0,0.0,0.1,0.0,0.22,0.0,0.8500000000000001,0.0,0.8034265103697025,0.476,0.0,1,2,0,2,0.0,1.0986122886681098,0.18700000000000003,-0.10472,-0.4046,-0.38243101893597836
ref:interval,length,1,0,0,1,0,1,0,1,0,1,0,1,0.0,0.1,0.0,0.22,0.0,0.8500000000000001,0.0,0.8365472910927456,0.0,0.586,1,2,0,1,0.0,1.0986122886681098,0.18700000000000003,0.12892,0.49810000000000004,0.4902167125803489
ref:interval,merge_all,1,0,0,1,0,1,0,1,0,1,1,0,0.0,0.1,0.0,0.22,0.0,0.8500000000000001,0.0,0.43678160919540243,0.732,0.0,4,11,2,1,1.3862943611198906,2.4849066497880004,0.18700000000000003,-0.16104,-0.6222000000000001,-0.31972413793103455
ref:cache,make_cache,1,0,0,1,0,1,0,1,0,1,0,1,0.0,0.1,0.0,0.22,0.0,0.8500000000000001,0.0,0.8365472910927456,0.0,0.488,1,2,0,1,0.0,1.0986122886681098,0.18700000000000003,0.10736,0.41480000000000006,0.40823507805325987
ref:cache,cache_get,1,0,0,1,0,1,0,1,0,1,0,1,0.0,0.1,0.0,0.22,0.0,0.8500000000000001,0.0,0.6233766233766234,0.0,0.448,2,6,1,2,0.6931471805599453,1.9459101490553132,0.18700000000000003,0.09856000000000001,0.3808,0.2792727272727273
ref:cache,cache_put,1,0,0,1,0,1,0,1,0,1,1,0,0.0,0.1,0.0,0.22,0.0,0.8500000000000001,0.0,0.48038490007401924,0.68,0.0,3,8,2,3,1.0986122886681098,2.1972245773362196,0.18700000000000003,-0.1496,-0.5780000000000001,-0.3266617320503331
ref:cache,cache_size,1,0,0,1,0,1,0,1,0,1,0,1,0.0,0.1,0.0,0.22,0.0,0.8500000000000001,0.0,0.8365472910927456,0.0,0.586,1,2,0,1,0.0,1.0986122886681098,0.18700000000000003,0.12892,0.49810000000000004,0.4902167125803489
ref:cache,cache_keys,1,0,0,1,0,1,0,1,0,1,1,0,0.0,0.1,0.0,0.22,0.0,0.8500000000000001,0.0,0.8365472910927456,0.43,0.0,1,2,0,1,0.0,1.0986122886681098,0.18700000000000003,-0.0946,-0.36550000000000005,-0.35971533516988063
ref:sorting,merge,1,0,0,1,0,1,0,1,0,1,1,0,0.0,0.1,0.0,0.22,0.0,0.77,0.0,0.392757660167131,0.558,0.0,4,13,2,2,1.3862943611198906,2.6390573296152584,0.1694,-0.12276000000000001,-0.42966000000000004,-0.21915877437325912
ref:sorting,merge_sort,1,0,0,1,0,1,0,1,0,1,0,1,0.0,0.1,0.0,0.22,0.0,0.77,0.0,0.6666666666666667,0.0,0.448,2,5,1,1,0.6931471805599453,1.791759469228055,0.1694,0.09856000000000001,0.34496,0.2986666666666667
ref:sorting,is_sorted,1,0,0,1,0,1,0,1,0,1,1,0,0.0,0.1,0.0,0.22,0.0,0.77,0.0,0.7636684303350971,0.582,0.0,2,2,0,1,0.6931471805599453,1.0986122886681098,0.1694,-0.12804,-0.44814,-0.4444550264550265
ref:sorting,rank,1,0,0,1,0,1,0,1,0,1,1,0,0.0,0.1,0.0,0.22,0.0,0.77,0.0,0.7271157167530227,0.458,0.0,2,4,0,1,0.6931471805599453,1.6094379124341003,0.1694,-0.10076,-0.35266000000000003,-0.3330189982728844
ref:encoding,caesar_encrypt,1,0,0,1,0,1,0,1,0,1,1,0,0.0,0.1,0.0,0.22,0.0,0.9,0.0,0.4409221902017293,0.84,0.0,4,9,2,2,1.3862943611198906,2.302585092994046,0.198,-0.1848,-0.756,-0.3703746397694526
ref:encoding,caesar_decrypt,1,0,0,1,0,1,0,1,0,1,1,0,0.0,0.1,0.0,0.22,0.0,0.9,0.0,0.8034265103697025,0.49,0.0,1,2,0,2,0.0,1.0986122886681098,0.198,-0.10779999999999999,-0.441,-0.3936789900811542
ref:encoding,rle_encode,1,0,0,1,0,1,0,1,0,1,1,0,0.0,0.1,0.0,0.22,0.0,0.9,0.0,0.41242937853107353,0.772,0.0,4,13,2,1,1.3862943611198906,2.6390573296152584,0.198,-0.16984000000000002,-0.6948000000000001,-0.3183954802259888
ref:encoding,rle_decode,1,0,0,1,0,1,0,1,0,1,0,1,0.0,0.1,0.0,0.22,0.0,0.9,0.0,0.7636684303350971,0.0,0.48,2,2,0,1,0.6931471805599453,1.0986122886681098,0.198,0.1056,0.432,0.3665608465608466
ref:encoding,rle_compress_ratio,1,0,0,1,1,0,0,1,0,1,1,0,0.0,0.1,0.3,0.0,0.0,0.9,0.0,0.6501650165016502,0.538,0.0,2,6,1,1,0.6931471805599453,1.9459101490553132,-0.27,0.16140000000000002,-0.4842,-0.3497887788778878
